BBows216,3403
GoP2012Pimps,3171
ZaidaGrunes,4449
zephyr1367,2057
reactivi,5433
WrittenOffUSA,779
OpExposeJones,4840
Eric_murphy_,5054
WardBeale,771
crankyyellow,2979
Halekuale,3727
Obicraig,3752
leviathant,4702
smartinez411,4921
Liam_Fox,45
TravisBrown24,1620
Exhortationist,2655
Jsinghur,4655
unemployed_mass,2190
anna_paidoussi,3562
DivaTomboy,1849
TallyAnnaE,2527
Chaplinesque,1399
TWR6,3855
9_11survivor,327
HDNet,4165
movonup,2589
msergienko,3244
rdustin,5088
DivineIrony,1872
SylenceRose,2287
OccupyOregon,3177
taoofjoe,782
DNAinfo,1738
judiloveslife,4397
DavidiRussell,5019
TweetDeckTV,3402
1psy7spy12,2719
Imkaneforever,4966
claudiopro,1380
margieloll,2775
grist,3827
jim_newell,2472
exiledsurfer,257
MiroWare,3639
MyDixie_Wrecked,2207
andthemic,4552
montpelier28,246
4joachim,3838
ChristofPierson,1468
downwithtyranny,3636
markawilliams,4414
Spritecut,429
Neutral_Intelek,4813
CoreyRobin,4780
Uncucumbered,516
mgcarter123,2325
madstudios30620,5070
TheKnowBuddies,5046
Siftout,2927
Super_Sane,4443
Sannri,2029
TobyBenjamin,995
414wire,585
jazzypeanuts,2181
alphacentauri_x,4153
riversidesam,1332
JoesUnionReview,2115
scguthrie,4947
happy_dt,3738
AnonomissLeo26,4356
NewsHour,3674
Peacepox,3642
emodulor,2820
jrios68,2064
OakFoSho,4257
iknomore,5354
AnoniW33ZY,4504
hanaarifaey,4649
HubieDo,4270
SNX928,2538
pdacosta,3932
chichi55,4178
koolking83,643
NewsOfMideast,5186
OldCrazyRay,2479
brookejarvis,1755
NemesisRepublic,3786
kgosztola,221
PDubCO,3552
USDayofRageSEA,1227
mkink,4630
Buck_Fachmann,4948
FreeAirPress,1362
EthanCoxMtl,5267
Dont_Hit_Me,4594
malirowan,3557
oplight_house,3657
OccupySMC,1809
cafalk,1885
nota_ignota,4327
OccupyDCNeeds,4319
JobParty,395
LadyKBrandt,3946
spence92,3007
YourCitizens,1423
Fibby1123,4572
KylaFullenwider,3803
Rho_Laway,3392
Angie_Sullivan1,2772
markozO_o,4612
julpepitone,935
gregalomaniac,3836
AntaReportNews,4805
_Cykocurt_,4768
laureldavilacpa,1909
diamondsiegel,2636
emptywheel,368
CrisisJones,2083
DarylLang,755
brettchamberlin,149
jmcaninch68,4913
OccupyBrisbane,5302
SamAdkins,2996
Monodi,4353
Brite_Eyez80,4751
cmcallihan,1721
markloiseau,720
ttexed,2347
EcologyPolitics,3905
SFist,5127
ninapilar,4627
cheezbawl2003,4770
ScottsdaleSteve,4925
paulfreid,5399
mrbabypants,4426
JeremyTri,3668
RebuildDream,464
fivedirections,4207
disinfo,5082
Epona99,4480
rkbradley,3300
OhthatSteveo,1553
price_laborecon,4220
hbazzi13,2324
CarissaKirk,5280
PurrpleCatMama,572
GabbyLynnn,1561
benpiven,5326
wordtoyourtweet,2743
ComradeKristina,417
jaqifurback,4981
OccupyTheNation,972
CAFalk,352
CANARYorg,219
khephir,3783
srjones66,939
kkalmes2,4209
sarahposner,3816
pheakel,3500
OpenSecretsDC,535
warmowski,449
ALIGNny,4970
dspollock79,5067
chilltowntv,3143
OBLogistics,1877
OccFreedomPlaza,5092
fedmech,3094
1cpu4rent,1532
YoginChris,4657
middleclassarmy,2863
MVCHO,3280
ElBloombito,3883
NYTupelo7,4882
UNACPeace,197
lollardy,29
Gspoila,4506
achariw,2219
shakinamartini,895
OccupyToronto,1365
TIME,1737
2doubleeagles,1074
OnTheMarksRadio,2353
sallykohn,1726
edgewatercreek,1921
DanFitzsimmons,922
YasserMohamed2,1375
EdVeracity,2429
_xtki_kixtu,2316
OpinionatedGift,4931
antinth,4346
digatunnah,1516
ConcernedinKY,3598
BeyondtheChoir,561
seasonothebitch,608
daniel_clay,2701
EllenPage,3830
XtendedForecast,3057
discombed,999
JewfroMacabbi,2261
DylanDaniels411,4005
nmaney,1519
nicolerrabbit,229
jemb123,5062
PorkoGOP,1156
ilkSJ,1936
ProgressOhio,5447
MWM4444,4073
ErikaCrash,2039
HotInkedBitch,2851
End_Debt,3473
taradublinrocks,3295
rotation180,2586
TheBurdDog,4317
BobNeiman1,2609
tubadsouza,1416
TheObsoleteMan,4080
johnnybethell,1528
davesilverstone,5149
IsCool,2462
chaztv,287
boycotkochbros,1021
Disarm,4794
OccupyWSLeader,3147
ecclesias,2193
matthew_hall,562
Pauly1999,3385
KJ6CCZ,2844
punkenpirate,3546
Neferast,4700
arthurfragoso,4835
anarchcommunism,1094
bfaust22,2902
seanbateman9,2740
BlizzyBe,4389
JustJustan,2564
OccupyTheMedia,5388
dimaeleiwa,5008
BOLOSWAG,1141
kizashi,5293
samuellockett,3434
mminhas,3850
pomotrainwreck,4749
abesauer,590
MargotMain,856
Code_Punk,1206
dorianwarren,4558
themick1962,3117
SunFoundation,4294
KeithOccupy,2808
SLM_2112,3504
monsterclosetfx,5277
Chaosymous,3077
NeitherParty,5271
Shiftinthinking,2244
DuaneBurnett,3382
EvilV1776,1230
MikeElk,188
Copernispiracy,1847
Moonbootica,3944
14JanTN,2845
CassProphet,3522
1000daysoframen,4761
ApolloAnon,5428
NOtoGMOs,4793
nwbtcw,510
Almost_Home,4662
JamesSTL77,3653
rivernewstc,3537
alaskakee,216
RogerLamb1,4227
tribeless,796
urban_hike,431
DarthSoros,2263
AllisonMY,3226
anonsteel,5342
ImogeneM1,2823
BiancaJagger,444
ArtClipsDesign,2587
TheSirReal,2818
KristenFrench,3082
TheMeanSplendor,2259
vintagegoddess,3180
JusticeAnon,4078
submergingmkt,1780
ryanmc523,1090
OccupyPC,4851
joyceofweaving,2702
krucoff,518
onevoice2,851
Andy_Vulhop,527
exposeliberals,1680
timmerino,1604
Drcjway,5421
matthewstephenb,3153
MadSciKat,3910
schleprock,2265
ChillOutSquad,3370
JayPrev,4622
FixNSWLegal,5309
jonzegirl,4500
EwanKonokaIII,3081
vive_understory,2788
ThinkDarrell,5379
zizzyphus,1822
Wotansson,1364
TickedOffDem,4232
pchirhart,4621
Botzini,3399
Reinasrevenge,3021
PiRevere,2938
roaming_radical,1815
davidburn,4972
pleaseRT_nl,3106
Aeontherapy,4168
ericronopio,4708
KerryFoxLive,3213
docholly,2578
4merican,4763
oldforests,454
GlobeMattC,5320
SigmaofBorg,1266
MistressAlexNYC,3968
gregorvios,3294
PaulPimentel,3885
owstb,862
emilyjojohnston,2943
TruthMediaTV,4873
OakleySmithIV,4547
Queen_of_Agape,5038
johnnyblackout,5223
FalsePolitics,1350
timmytink,2061
Earth_NewsRT,1279
GRITlaura,3894
TiphanyLouise,1355
PomPrincessMomJ,5344
TheMakeAgency,1265
zopalok,5297
4ZZZ,4533
mkcultra,3697
nomiprins,2496
antongonzalo,5336
ohhhjeni,5221
areedkelly,4674
prthatrocks,5444
AFSCME,620
UrbanForager,4501
kristengwynne,411
AmitaMetta,1218
Trident3,265
reallykot,2499
NetworkWeaver,3277
ZZion,892
benpolitico,2445
lauradurkay,1523
jhgonzalez7,1462
_ANONomatopoeia,1142
JLLLOW,990
kithseer,106
Mr__Guzz,2245
PaigeGodden,1658
anonimaem,1818
LeilaMovil,2396
penowski,4243
Grangerrick,4641
miriksmit,408
capitolization,3255
andiemer,1501
thomasmonopoly,3553
kategoldwater,634
washingtonpost,175
mrmikedelarocha,3701
Hexham67,3650
spiral_one,2011
skyrevolving,1325
reformart,2671
JasonEHigh,2301
mamarachm2d2,3918
StopOccupy952,4797
TempusLoquendi,739
Colin_Jones,232
BKLYN_OccupyWS,189
GlobalOccupier,5108
Just_Some_Twit,3487
Tak0rt,1901
IamSamanthaShaw,3023
Obamaphile_Jail,4796
novenator,68
DreamlitMe,1795
ohalois,1327
TanaButler,4527
CenteredPols,3086
AriellaGogol,4712
FourYawkeyWay,1786
KrisAlixInc,4984
VireoVideo,3052
idibidiartists,3377
MarijuanaGlobal,3663
justinwooartist,3350
TeamEgyFollow,2560
MIKEmyMIND,5045
damiengwalter,1502
BrandonCarroway,4578
alvarocherod,5074
JetoraOrzus,3897
MoAnsar,2649
Scott__Diller,1388
subverzo,2426
AnonGlobNews,1291
shannonebaruth,660
NewAmercnClasic,5276
christiegeorge,5283
satchimon,1274
ISeeAMuse,1655
joshuacstephens,4476
DSMacLeod,4321
occupyarkansas,4821
Report4Progress,4170
Catherina_Guate,1268
CrappyTires,1700
humanoid216,3413
StateFarmSucks5,852
reddhenn,3253
kimanne123,5382
CheekyRoseTx,455
pishka,3736
b_3_t_4,1852
AlGhorear,4849
BlissnHarmonyTP,1931
Say_Lady,1045
occupywallstnyc,882
JasonDonker,4772
AlterPolitics,458
sabzbrach,4380
MerrideathSaD,886
kristinesocall,1635
maxkeiser,1198
gbatuyong,1246
nateCNU,5402
TheEarlCoetzee,3349
wheeliesmom,4322
amNewYork,894
ByPassCensor,1276
Politicolnews,792
steelworkers,5327
OccupySpokane,5160
EthanLeeVita,1057
beastof51,3139
marcmaron,1394
oscargt,4523
Tejaslonewolf,1845
PiersTonight,331
AnonyNewsNet,3482
maireid,4355
Hetshepsit_,3445
NidaKhanNY,2476
zachgomiela,3332
breeaustin,5056
TPEconomy,2481
2centRant,3834
TeacherSabrina,5153
nikegoal,3839
marcoiacoboni,3375
Disalmanac,615
mediajunkie,2816
spiderine,3241
Apollonia316,1911
MindOfMo,4435
beckynathanson,4677
MatthewWells,558
NewPretender,3135
DannysKorner,1323
Dwi__,2721
MehranMahbobi,4006
kaskadia,855
leanitright,3309
All_Edu_Matters,2725
indigojourney,5168
annelyttle,606
Frances_Coppola,4717
Imzadi44,5246
MoeFreshPrince,5
OccupyEngland,5424
Seanismoney,4439
Slate,143
Hoofin,2192
ActivistNewsblg,1065
NewYorkObserver,1560
DeepakChopra,5329
christina_write,2625
V1ct0rCR0cc0,2856
yellowclaire,1389
Ljson7,1912
karibowieHertel,2998
OccupyProv,1960
wisocialworker,1624
Ascension_News,3326
ZeeScarlet,5273
cuteliberal,3145
beforeitsnews,4490
amichel,5325
OccupySV,4853
acampadabcn_int,4124
mak_art,1041
BostonJoan,1482
sign0fh0pe,900
zefirotorna,2341
MatthewAurelius,3091
HMW_MrMaverick,2049
korpdawg,2767
dkt_rs,772
Dharmapunk12,1607
jakobschiller,880
oplichthaus,1888
Tom_Vee,3496
Rikisnumber1,3408
utd_AZ,3342
LeynaRottboll,4503
OccupyDaMedia,829
CristyDwyer,3833
astrodex,642
OperationLeakS,339
FansOfFilm,815
danielthibault,2932
ahmedley,118
ambspaulding,1552
peaceonstreets,4370
CoreyPratt,4119
rgrusin,4198
guardiannews,4106
mattmassaro,5113
jackhartmann,4457
Dave_Amato,2836
CajunTechie,976
Kari_Mil,2229
AnonymousOnAir,1716
EthanCrankeArt,3603
the_art_war,1213
ochrerobot,1234
RonSupportsYou,5187
studystove,2251
TruthWitness,4738
d20Dad,500
JPDelancey,5106
b9AcE,978
kelownaj,4208
stefsstuff,5448
KreativeCanuck,3356
TheMitchwich,2991
lozeone,1397
TheRealMrB,3216
BoycottFox1,5234
suebarnhart_,4939
GreeGreece,1699
dteg32,3969
agnosticnixie,4845
hadzup,4463
davidcnswanson,1758
Tgurnz,3864
Granniegal,2004
ChrisLindsay9,3142
robertolobianco,1612
ryanjreilly,3237
outrage_molly,1660
bigcityhermit,3195
MikeShanePhoto,4377
Gad_fly_,420
ben2h,3844
OccupyColleges,1996
diceylee808,208
SenatorBoxer,5170
OccupyWikipedia,1204
tikkunolam,4262
rhodesmessiah,81
davehunsicker,4076
TheLastWord,379
natogreen,4486
deniwilson,4867
Marihell420,560
SirBuddhaTech,3662
nicholasap85,2482
BigCitizen,3103
antoniagogella,4596
FreeTheInternet,1249
ec4400,5210
GroupAnon,2001
licorous,3954
adamhudson5,46
Darthtater36,2285
vulture,1757
SEIU,4036
creativetimenyc,4138
johnyx6,2202
dcap,349
moneysovereign,733
Loblaws_LawBlog,2685
Maryannaville,3568
astoryunravels,701
rudeboyrave,1569
DaveMichaux,4445
meglanker,574
Moonfan,2174
heatherlynn315,4308
francesk,1937
CNNinterviews,4156
jaycamikenGL,1626
saoireobrien,4286
Pirata13,445
romancingAlix,3406
Who_isMufasa,3604
SocialistBooks,760
pcvcolin,242
MMFlint,93
99PercentVision,5281
TanyaKeith,674
Rowvote,1832
jeff197320,5432
Tacit_Parallax,2364
UnionGray,2908
CitizenWonk,3718
CBSNews,227
Z_Egyptian_0,4829
TheBoston99,698
NoEyeSquareGuy,2519
BeLLShocK,4920
forestdefender,3464
lizthechef,4730
rixstepnews,5316
a_w_young,4591
odysseasgp,2276
mayavision2012,1095
oddlysaid,1636
Occupy_Gotham,2384
docjalal,2568
Tigressreow,1016
theMOSTmojo,4736
CookingUpComics,2742
WorldStreams,355
Ska_Tpodcast,3534
GeorgeSMccollum,1672
WIProud,715
BarMan_RLM,3260
Boricua2150,4051
Accalon,457
Nicotone,800
MotormouthNews,83
bringsdogtowork,1967
mileszero,5185
mitwilli,3061
mikecane,2521
HR1529,2157
JanoCharbel,5059
biladyy,5230
WeRthePlan,3539
jayuhfree,2543
dazmando,2691
conservativeray,1470
SempferOne,3704
KevinHewett,2676
CulturalHistory,365
tinalouiseUK,1592
lagentestamale,722
jessieopie,470
usuncutva,5242
dansden,2337
fcno,4107
xianb8,1779
Occupythis,3597
franniebobannie,4364
twilted,793
GaianCollective,1243
PoliticAlBor,2162
CineversityTV,141
pforpetra,1529
USAShopper,2601
PaulShunatona,5272
Phreewil,1346
techgurus,4152
JLuna,2177
FrancotheHuman,4642
lifepostepic,3151
cjohanns,153
adikirilova,697
randytweety69,2584
Kiwigirl58,3616
IndyEnigma,1679
KristinaThinks,4440
worldcantwait,4145
runforfun54,4906
breakfstinbeard,1273
mpf2011,2018
dustinslaughter,4083
Jschieder,1898
Flobot5,374
HIPPIESPARADISE,5236
glynskyandpete,5034
legendelliot94,3510
SerenityDots,4706
smokieyob420,3164
4L3Xk,2842
Aloha711,2876
RobertBiafore,3879
murshedz,4515
BatshitGOP,1484
justinaflash,2642
Photoronin3,1628
Back40sophistry,3652
Fight4Fairness,2108
BBCWorld,2455
exsistocuriosus,4182
wifipress,735
lettermenger,1641
rootless_e,2152
OldNewDress,4419
asiancow,4689
Occupy_OKC,4824
RobertaSaidThat,3420
SmrtArt,3141
mexicosae_clair,4359
ash_anderson,147
rj_gallagher,1783
snowwhitebui,3725
tjmitchell4,686
timeoutcorner,196
PMArthur,798
Shayrockmusic,2110
WeAreChangeSA,1831
Mobi_Mike,1431
HeckYaDangIt,3100
zdroberts,1764
p_staatz,5419
SHNewsOnline,5439
MillionsOfPower,3574
Kurtis_Willey,2562
Spudlovr,1162
boutman,4680
edipyuksel,5174
CBSSF,5264
Vividwings,3198
AmyMTraub,4856
fivethirtyeight,4648
AngryBlackLady,4963
EnoughMarch,4348
OccupyMemorial,1088
cliffpotts,3410
solanrai,4084
thebrinos,1131
ENBDavies,2333
OccupyWalISt,2424
SalmaNella92,1838
C_lab_Cpn,3231
GaryAres,3125
MassicotteDavid,2648
Peace_UP_,5203
lisaswu,2659
TPM,630
cyndeZu,2974
themanknownasx,797
djspooky,1763
His__Dudeness,2838
Axeshuun,4398
iOSTSGUIDE,1426
Cryptomeorg,1742
anonamaster,2595
nozomimagine,1298
revmagdalen,1132
sweattshop,3123
downsideofbeing,5042
ruhanirabin,5190
johnrenaud,4483
mindeyes,1824
Tokyo_Tom,3974
philosofighter,2489
joshuamassre,1517
hempoilcures,3045
Newyorkist,350
society_society,4732
TheNewPopulists,3714
art2u2,4069
bzaz,3258
Omniverse101,1413
MacMcClelland,4901
Watchdogsniffer,4290
rpshanley,3920
robingsmith,3293
noahtron,5393
zymotic_heart,2605
Booker_J_Winter,5134
BlogsofWar,2620
Mr2u_53,1584
AngryLiberalMan,4030
cr8f,672
LloydBankfein,3586
LaurainWA,3706
piqueristic,5143
clayclai,1719
BTLRadioNews,4385
OccupyMainSt,465
_n0nym0us,3008
jrbaldwinn,105
iMantix,1925
openmediaboston,685
Anon_Atheist,4202
nateanton,2755
ScottSwezey,2621
78KGG,1089
OccupyWallSt,275
alex_rossner,2969
coopmike48,3107
Tony_Peric,3915
JustPoliticalMe,3762
Ray_Katz,553
qs0,5014
neoblaque,4807
KareemLumumba,4539
NOH8ER,5347
EverNoticeThat,3104
erlandh,1862
ali,4256
bilibutterfield,749
feralbritain,1370
Adreadonymous,5121
rotundaradio,575
st1100pilot,4141
sevenish,155
genwhymedia,2897
OccupyBOS_Media,691
rini6,370
Wakeupnow2011,4179
thedjandi,2747
raychillnichole,1977
misosusanowa,426
GuitarCheron,4683
sweetangelface,3271
AFreeRose,1356
WRH_Mike_Rivero,1594
juliawb,5216
colonialdude,2344
MWJ1231,4281
Anomaly100,1823
christypaffgen,2877
Lawrence,3973
jianghomeshi,3126
SageFrancis,2089
OccupySanAnto,128
FreddieKlifman,2216
tqnews,3740
MODERN1ST,2063
Carey_Pierce,315
nerdosyndical,730
EhseRecords,5080
haloefekti,1309
Paul_Courtney,3006
FreakOutNation,1115
CKJ411,360
commentisfree,4409
freelance1m,706
TruthNomNom,3691
arthurwpix11,4779
lizzwinstead,2203
AdamJung,2392
NatashaChart,1537
banditjim,2510
Houla303,4022
renesugar,170
J4LYN,260
familymoms,264
syberpunk,2539
franyafranya,1212
Pictrade,4822
i__Forget,4161
SionFullana,2811
natashalennard,195
EvanGore,4696
occupyWallStnHD,2023
GarrettQuinn,1024
oParasiteSingle,5139
OccupyMyLounge,3313
nika7k,3131
aimeeweiss,924
jazzidiot,4475
N8Nelson,2172
cardboardfetus,677
JMJKDulce,4616
MrHolise,2088
sxipshirey,4570
LeeCamp,57
Samstwitch,2271
BreakingNews,599
ninaeats,3016
jonnycollege,4328
mjtrigger,3575
abc7newsBayArea,2321
Vondumptruck,3810
kellaferrdances,3617
TheRealRorbo,3084
dragonfire1024,10
quester09,5066
xBigEars,1251
RANKIS,320
DrLuuks,940
anonymousatx2,302
vashondogboy,13
canaryorg,4586
dusty1215,3978
st_devinette,2748
trekkerguy,2898
prvcyovruld,823
monkeyofdarknes,1062
allredtodorojo,2920
TimothyS,1119
justinsanesolo,4325
DesertStylite,3133
moveyourmoney,1075
LadyAssailant17,3396
OccupyDFW,1027
dOriSx0,2610
brinesphinx,4386
BobMinkwic,268
BrittanyLindell,4996
hlkalin,1957
anjamd,2422
jessradio,212
MsJoanne,4869
nanse,1961
ki77en,5072
ReuvenHalevi,5377
ahuntre,217
SufficiencyMAF,1781
moatman,3764
mouselink,1240
LynnLandon9,848
billmaher,4025
kellywind,883
MaggieKing6,5282
_cypherpunks_,1714
SheRises2011,3409
xn3t5pLi7x,288
creativecommons,4157
AliKTurner,954
EdwardTrollrton,2771
owillis,2270
BRIGHTPRIMATE,4017
thelinecampaign,414
FreyaFoust,891
M0nicaL0pez,937
LiveFree24x7,1443
WhyWeOccupy,2188
Ringuette,727
coreysmale,1707
drewabelson,4554
33Greeper,495
RaySeaman,1432
alfreeland,2097
a0k,4520
jaziiari,4129
PamelaDrew,1409
THESHRIMPMAN,3776
aaarmenta,4142
USRealityCheck,2077
Sara723,3175
rht457,3074
BHAVANAUPADHYAY,5013
wineandblues,1122
sondeezy,3569
JohnDickson00,2033
Badgitator,666
MeredithLClark,2467
jpreeeter,3854
MetroFocus,4088
zalzalahbutt,1126
RobertPaulson22,4375
llambertlawson,2319
mikeatonjr,3424
hans_en,2894
AlterNet,3638
zeroday,3197
TheGigwalker,1321
TAI_news,1623
watertigernyc,3645
RepKucinich,625
Screwcomforttoo,4041
jherwatt,3476
hankkissinger,2554
TheCount234,4012
mdetrano,3926
Cpriestmusic,2446
RDevro,36
dabitch,4465
Freedom_Sean,2826
humortimes,247
Token12ga,988
ChefKreyolAyiti,4495
kwzombie,5434
EricBoehlert,493
manyko2,994
johnhaydon,2892
EANewsFeed,1806
ProgressPAC,3678
akwpmdj,4245
nojusticenobart,1437
timrue,2590
Masta420Chiefa,2591
HudsonNjAnon,2531
netbacker,2161
occupy_SEATTLE,2406
MikelOleaga,4127
BurtSChalmers,2663
feistyKat,5225
BusterBNYC,228
purplesofa,3579
SamRichards10,3457
several_,2238
GeorgeGoehl,2194
PsychoNotLiz,3554
LeftEyeOnBooks,2710
BerniceFBorges,4701
ExposeWarCrimes,959
Pat120,3881
videodrew,4393
Nada_Mansy,2237
cristib512,5220
MotherJones,613
Cryptision,2807
shahidabbasi1,1349
Z_Egyptian4,2561
240670,2553
Agent_OrangeFR,3791
globalfusionist,2792
Spider_Mowgli,746
yshmhn,4135
OccupyMartnsbrg,565
PMbeers,3659
SerialGramma,651
SusanCWatson,4661
LanieWolfe,1442
DAbitty,4946
blackdogga76,4989
SkaughtBJ,2999
SKFPR,3109
robyninlaotto,5359
GregToddSD,2874
USDayofRageIN,1865
therealtruth4u,1238
politicususa,2357
32BJ_SEIU,3264
eaglewoman59,4760
IDeClaireWI,2231
monaeltahawy,1379
globeandmail,1344
usdemocrats,4957
juliacreinhart,452
timcraigpost,4311
zizastan,5308
SmashinCashon,3400
Jessabuka,1844
MariaLiaCalvo,1077
WSBracey,3068
TheErnieFiles,4905
xAnnaCherryx,3209
cmfcknw,2022
DrGlenBarry,1181
Asher_Wolf,645
chrislehmann,2891
LiborVonSchonau,889
matthewstoller,103
saintpaul007,4656
_aj3,3695
Arasmus,1834
JVSylvester,4059
AnonymousAction,1245
OccupyRedlands,5107
MelissaKara10,4710
ZaidJilani,652
Jeremy_Hummel,3683
Desigirlsrockin,4985
Truth247,380
MaxBlumenthal,699
OvertDictionary,4045
misanthable,3583
IAmElDaniel,1407
OccupyBurque,5010
hymneforthedead,4534
nandaUganda,1759
DISSECTOREVENTS,4092
OccupyMadison99,717
warriorsofearth,373
joshtrujillo,1606
BenVitale,3158
WillySiggs,1476
OccupyParis,3365
euletosia,4825
billmckibben,4704
hawesness,919
AmpedStatus,67
kbehindthelens,4204
careerfed,1953
JimmyAsp,4422
Layofflist,5392
OccupySeattle_,1555
2ysur2ysub,2798
WoWPaot,2722
dominicksaia,2065
_ubuntu_,2955
occupybendor,5289
DJTEN23,3991
pacific_justice,37
SeMiCeLeB,3249
slackadjuster,1997
Rwestpromo,3475
USuncutMN,5340
WTFitsPuck,4519
SirTomOfCanada,4703
socioblah,5130
Cocoxochitl,3576
OccupyFlorida,531
nytimes,998
ADAMin3D,2793
robotyellow,1840
DanSWright,1392
OBAMA_GAMES,2534
MeltemArikan,621
portifoy,1015
GoddamnCobras,648
I3ump,860
venice4change,1361
ACLU,3453
danhavlik,5180
word_34,4894
occupynorfolk,3136
poppybill126,4964
MPlatt4,3720
RAN,4800
TheIndypendent,2461
school_closures,2724
ChristRobbins,3345
Karoli,675
MJDHaro,2167
piphd,1583
vale_love_peace,4235
janesherd,1217
acampadasol,2435
DemocrWatchdog,1973
AnonParadox,1286
skyhorsefilms,2947
TheHandandFist,1235
aetherlev,1668
CWAUnion,4236
NYDNHelenK,1878
tinadupuy,4050
Cynthia_Price,4352
Missamomma,3160
lexiconstable,4715
normalguy_de,4471
PandemicTheatre,3115
GenKreton,3779
RougeGrammar,96
byeagle37,1221
bigbabycampbell,3359
ajadedoptimist,542
thedailykirk,1405
flairbrush,4585
AnonVino,1232
triiku,753
Gothamist,997
UtneReader,2300
INTERZONE__,1802
stoneface7,5386
cthie,826
Hamstertweet93,4265
khaake,5306
miah101785,1903
Storahtelling,896
Brandonruck,4358
lunalindsey,2043
drtwitstein,2117
caitlinquigley,4063
gemimms,2356
anon2060,1457
krtwils,5376
twithappens34,2025
Bill1phd,2093
Mike_EH_52,1205
LoriSpechler,1663
WillLynch,1792
CNNLive,2480
EmotionalOrphan,4608
1ofthe99percent,2249
peterflom,664
phoebewonderlan,2548
RSN_Godot,3096
reneeroman300,2246
AgentOrchid,655
OKCliberal,4253
ninakcarroll,4367
Leftpalm,751
MoveOn,629
douglaskev,3829
NewYorkCreator,206
wagenonviolence,2517
Friendlysmoker,2258
_AllyssaMarie_,3087
gemini2359,4033
tessalaprofessa,2720
Dookie3000,4425
MichaelMurphyNY,1269
LauraSiguenza,3041
FemdomTherapist,1430
LunaMoon137,385
MonicaJeanKelly,4650
xeniaconamor,4118
HaleighDonovan,5099
Balkingpoints,787
parkerchehak,1613
One_BryantLogan,2148
CarpenterLabs,77
PreDraX,1313
unStunned,3842
klagin,2417
HotLiberalBitch,1810
occupyphoenix,31
FastTrackFreddy,690
LasVegasJessica,1203
Daphil62,3028
Llydisblue,1037
divinity_pr,1949
sickjew,69
littletompaine,1748
revolution_info,1047
HeidiKole,5445
OccupyDallasEMS,1884
anjalimullany,222
NoelConfidence,401
jjinsf,667
damiandn,2465
KyleMunson,1621
GottaLaff,122
MerrillJD,4926
LilEsBella,920
coffee_n_cream,4191
DaanDeWit,4436
eroberts123,1104
99PercentParty,1858
GregWButthurt,1556
Japi3,2126
AnonSyndiv,3108
cheekylupita,5154
gregpalmer,4120
plantgirl1958,2076
davewiner,1751
tiffanihillin,1735
OpInfoNinja,949
RayBeckerman,462
SupermanHotMale,1490
RebeccaMarsh6,3222
theal2,3102
anonhive,1853
Nanbp,4933
daniisue,3236
devincf,3594
signalerror,3292
OccupyEarth,774
joanwalsh,1026
davidpakmanshow,1876
mtlunasea,2074
DavidShuster,616
StephanieTaylor,544
AngryDemdotcom,4272
BringitBeyach,335
skiptheartist,2760
ellagreeneyes,3889
WorleyDervish,1308
dirty_deuce06,4571
sabokitty,2883
Dead_W_Cow,3207
KrispyDog,1406
johnruscher,1505
scotia626,1547
panda317,3229
nay731,871
mikeyhatesit,863
woodbee33,2030
schrammpasta9,2841
GuardianUSA,2447
h4x0r3d,512
wblau,2210
wavingcrosser,3618
fajwat,3700
thewindsofwar,1385
overb7,5047
joehump52,4261
Flatstats,1055
RockyElefante,4694
JackHart67,1625
AnonyMissBadger,676
Moon_Rivers,803
KurtLewin,3110
cnegretti,4836
hereandnow,4431
sethclark,2905
Carpavel,1605
sneiland,4526
grevola,4407
rickyrobinett,410
CourageOfOne,2967
EvolightExirio,4915
publicbanking,3832
Merton_G3,2116
indybay,3443
USAction,4237
Bethynyc,4566
rezn8d,475
BarryHouse,4299
Gavin_PPUK,279
80gtweets,5141
glenefriedman,4395
AJStream,146
0ct_I5th_20II,757
NewsworthyNews,3404
xstubbsx,4559
SarahPalinSux,1971
MightyHunter,2857
notfallingapart,1167
CHR1SHartman,3351
Smile4Laura,3863
ExxorTech,1422
HellyH,4287
NewYorkPost,4098
j_nasty60,2616
ElVrother,2914
NYCPubSchooler,918
C__Petersen,4795
talesein,3167
coastalwarriors,4628
unkybunky,960
RIWry77,2197
henrygass,1304
jeffdebruyn,2968
OccupyingBoston,1252
TheAtlantic,1769
KremlinHotline,1632
UKProgressive,1846
kangham,2463
ExpendableClass,1134
cal5k,3637
ruckusociety,3290
rsemry1,4965
SirLoinn,1662
Cosmonomical,2633
zeitgeistpdx,2840
anon2world,2711
ExitPass,2599
CSMuncyPhoto,2444
brightbirdsoap,3124
tfunklives,4343
ChocL8GRITS,1400
TheLoneDeranger,3773
WillowMeThis,3828
Matthew4300,202
BenGamel,3317
DariusJedburgh,5378
VanJones68,1194
superbranch,53
BlackHatGhosts,3412
t1g3rt1m,4362
MattFilipowicz,2494
edgery,2723
HopeBus85,4846
mbrownerhamlin,4899
RWwatchMA,770
Celladrella,4430
purplehullpea,3676
ezraklein,619
rmmilner,723
djraspy,280
idontwantthings,775
5sproket,2545
jesuisamour,814
schock,5243
mcsaros,3446
JuliaAdair,1673
ThatsMyAttorney,5164
byronkingdotcom,1801
atavistian,3984
aaronbarr,951
ProtChaplainNYC,2441
RevoluSec,5001
MDSfreedmforall,2873
mspray1,4609
charenton_,24
HuggyBear116,3121
n_huang,4378
fbmadman1,875
ReTweetAnon,2184
justiceunited,3467
againsthoping,1229
susKNOWSbest,2086
artesoy,5032
ALLISGRAY1,3033
rationalrevo,2233
vimanaboy,2954
RGVZGM,375
opticaldensity,276
katie_car,4994
maytwodecember,2787
americankush,2730
OccupyDenmark,5257
JeffDSachs,1855
wWaynka,3447
Justiceyes,5425
anonymouSabu,1773
InnaMood,2681
neonflag,4767
GStuedler,4315
KnowYourObama,4808
Katherine34481,4719
joaquinuy,3211
sunshineejc,825
fresh__air,3361
TruthIntel,5181
mehrza,1386
UBCIC,3787
alan7647240,1812
CircleCityStyle,3184
WeStandReunited,5002
dani1moore,2380
Livefree_always,2766
barbarellany,107
RonPaul,3781
egilleland,204
laloalcaraz,3895
readingape,5229
OccupyNZD,3000
CULTSUN,3200
A_Non_Anon_Anon,3789
pakelika10,3997
mariannesp,598
SteafanDubh,1402
zzap,4482
The99Percenters,129
VirtualEconomy1,1879
david_daSh,4841
jeffak47,4402
TheRiverWanders,2044
LibyaLiberty,4331
cincibaron,3610
thepoliticalcat,2090
1jennarmstrong,2180
ElderStatesman,810
MailerMattie,5285
CBantic,282
LynnHasselbrgr,4733
AnonNewsINT,536
subnetted,1677
australtwitt,4859
Genespark,589
sammymoshe,181
danmcquillan,1477
TomDig,3531
Photog4NY,1435
HillMoin,4870
forever_flavor6,564
Mwforhr,1864
annimalski,5004
winterthur,323
blackgurltech,2928
IFoundKennedy,4823
patriotsnetwork,3256
capitalnewyork,2493
Korkie,467
mindofH,3458
GBNeal59,108
indoorcamping,3983
OCblank,5352
TheYoungTurks,490
JulianSteiner,4545
gbnation,4283
David_EHG,581
fuelnyc,8
damienfinneran,3985
DBCOOPA,2268
olgavoronel,2909
OccupyNOLA,1005
luvlyDae,5163
Black_Dove,5248
BobGibbswatch,1813
paulxharris,3784
anonchileno,292
ZachLonsinger,4007
MollyMag,1633
Vigilo,1250
mkachred3,4551
in_focus,5194
flossofer,1180
yes_wtf,2736
occupybrussels,5053
pueblokc,4579
Eye_Bleed_Ink,1236
Tawanda46,3635
angrywhitekid,4878
AnonymousTibet,3469
Moon_Shadows,3009
health_data,3710
occupyitaly,2437
elliottjustin,214
rudepundit,2371
OWSinthenews,3845
BorowitzReport,474
WillSeattle,2305
Zoocritter,1826
narcomedusae,2256
RichardKimNYC,1740
greenhousenyt,1173
KCPhilYglesias,3246
Ed_Astra,628
co6dem,4196
welchem89,2137
firedoglake,3782
KeithSmooth,4016
ValCleveland,406
VenMills,5345
mariecorfield,3767
LearVanSimon,4725
feskone,4188
Chawailia,2013
OccupyLSX,5446
momonpatrol,1183
hammametsou,2982
VernianProcess,3268
sawoodberry,2782
rockportbasset,4014
JasPrinn,1412
NewsBlogged,2632
NotCrazyEnough,2123
GMinNYC,3982
SusanGDailyKos,3935
dartdog,1544
lexikon1,5363
PTRAway,4971
dokuritsuzero,1794
thesarahbellum,4181
JohnnyL22,4977
morfaleji,4038
JacobLaha,3378
CityHallNews,2438
sandeka2000,4047
sueblueswilson,1650
purpledressatx,1669
JWnFL,5335
USuncutBOS,1503
DefendWisconsin,641
PoliPsychic,383
Intelwar,5417
KevinAllenCaby,2443
EricVazquez64,3717
michaelfelix7,1851
_PhxRising_,3118
jopauca,152
CynthiaY29,2879
skylla2012,791
webmuskie,2059
N8theSk8,3526
CSINFO_LIVE,3339
ladykayaker,2959
LOrion,2055
ILprogressive,4177
s0cially_awkwrd,887
UnderdogLib,293
Catballou,805
V0iceInTheStorm,3518
Jambutter,1287
barryeisler,3548
peaceinvalhalla,804
damkina,2944
ProtestInTheUSA,1208
OccupyMedia,1926
PaivaThales,40
P2Action,66
randalljen,3234
OccupySacto,2403
tyrnykillr,3390
BlindDemocrat,2563
AP,160
UrbanGeekDad,4300
RaysFH,2367
eadvocate,286
paulstpancras,2127
jashsf,2630
gingerheatter,1289
judderwocky,3113
thinkprogress,488
AC360,4392
avivajazz,2007
LauraBeatty,2475
wesunruh,603
lessig,534
BCarterMusic,1378
HalfSight,2965
ohtarzie,3083
Progress2day,433
OccupyBerlin,4842
timescribe,2322
Mondiablue,1017
aarondrewking,2870
OWSOutreach,854
MikeJGallant,5414
revbillytalen,1338
kirazj,2888
mikroslykos,2674
kaatje36,3506
GDGriffin,3512
tomwatson,519
AmirMoeSoliman,1886
BrazenlyLiberal,3990
NDHduz,4085
Politone,2853
trista_wgunn,2358
Hadeeth,4750
JoshRBruce,2277
info4disasters,980
blacksmithnyc,3452
OccupyCleveland,528
fflandro,877
KeithOlbermann,88
birdXcore,5155
nyceve1,3584
AnonyKonk,2634
TwithTech,1210
Reachoot,5132
FConSMod,4961
ThePatrioticLib,1588
ThisBowers,418
NickGulotta,3748
ChrisLunger,3337
AdamGSanford,1880
Mediabistro,4162
occupyky,876
BriesMama,3215
lijkel,2861
Georgiemutt,824
jwnychange,932
davduf,4330
trapdinawrpool,3923
DBrabblerouser,5007
wired,846
Chocol8silk,4008
ChrisDStedman,688
Merylee,3734
lahtnesorm,2939
kikiki321,239
smsteinitz,2917
fedora76,2111
AriMelber,2469
msnbc,4242
NewarkPress,4618
Aine,494
airzelhaa,1226
alexpensato,4639
OccupySTL,52
URrealitychecke,5026
TheWubster,1950
redlightrunners,4953
sir_younis,902
abbassjaffer,2031
PRDJournal,1827
TarSandsAction,4094
TessTheGreatt,2715
BatmanWI,582
jeffchatterton,441
MediaExposedDay,413
GimmeJimmyChen,3163
geekyyc,3435
ReverendSue,428
Beckywhitemusic,2528
dansandu,3407
jtrier1,486
sylvesterTcat,4740
DenverNicks,4130
ItheMissingLink,1135
Shoq,151
mathieuklinger,1734
BeyondMay12,3621
SaSykes,3048
ResistTyranny,5093
wizzallace,1564
Dizzanya,816
particle_bored,5381
VintageDreaming,1629
SeldomSeen989,2060
theveganarchist,1384
Nupe117,4954
Architekt010,3046
BryanTwatted,1036
go4stimulus,3656
AmericaFreeTV,505
Meemo_83,4427
shahreezane,2140
hotincleveland,5016
danielhewitt,1527
VeeBombs,1396
dumbfoundead,5288
Firebrand_Mag,2565
Occupy_TheBanks,1870
umCrystal,4850
eviljessi,3450
BertrandSP,4125
kylecassidy,3965
wchutch,3993
avitale,1107
AndrewKroll,623
Brett_Dooley,2182
fractenberg,2345
upwithchris,4035
continuityerror,1340
InspTONYBALONEY,4454
LAGilman,3630
Zeitfeisty,3134
rustik,4140
KenWWilliamson,359
acephalist,2972
TheXclass,1869
DieLowen,5057
mmhastings,2486
BlueTrooth,1987
CarvajalF,866
cwerckmeister,4470
BanTshirts,5413
FINNonawire,5133
chwadhwani,1816
JoeWatchesTV,3590
richierich31,2899
ANaanOne,1114
Kaymee,26
MissRevolution_,1009
robertmhemphill,3835
RedandBlueAmeri,2815
monkinl,5368
mweb,2619
thenewdeal,4166
lipstickham,963
CitizenRadio,844
gadgetgreen,2639
CaringGOP,4663
OccupyRockford,2464
achgcs,446
phenytoin_E,4298
EC_Duncan,4001
miaaculpa,927
djon3s,2656
blacktownben,3541
NBLcampaign,914
company2keepinc,3307
CosmUnity,4056
bookteachie,1319
cyfill,4499
wagingnv,2078
scuttledd,1510
witnessemptysky,5068
Occupy_USA1981,5114
stacyhyatt,3316
adamsbaldwin,2374
NowDelhi,4759
muttmutt,2361
mofycbsj,2213
nerissimo,1723
TruthDFacts,2571
spooney35,1092
OandLGramma,3614
xtraleft,2267
NewsWirePro,811
swianecki,4678
StephenCWebster,2500
UncleRUSH,130
acronymGAB,1671
knapier2,4344
bikini_bomb,2666
food_democracy,5245
wordymcwriter,1732
OpPinkPower,1096
RebeccaCrawfor2,1701
bmangh,840
katajamasaki,4260
socipoli,1538
lambertslovelee,977
occupatory,2643
WSJ,3433
OccupyFDSF,5144
pbsgwen,4671
LimeriTweets,3716
OccupyElPaso,3421
taylormarsh,1446
DamienPower01,3092
NaturallyIthink,277
JohnTiessen,3702
mscobina,4496
TheChristianLft,4110
CameronJones7,4058
Zlatxlat,185
mathieu_stonge,5043
ThisisntEasy,4908
daveweigel,1148
YourAnonNews,41
HeyIrish,4309
AdamGreen,1189
occupybuf,5284
BarrettBrownLOL,557
aeonalyona,2141
FrankNWalker,4086
justgrateful,822
johncody,3692
RayHawthorn,4122
CeceSurfCityUsa,2378
An0nymousPR,1891
ludacourt,4082
moronwatch,845
ElementalEscape,4934
Socialisterna,2778
gzrecoil,273
lrg88,3525
EddieAtari,78
AnonNewsNet,728
Infidel007,1469
RiseUpRadioNYC,63
FaizaK,3076
InspiredShopper,4607
Soundassassin,2827
ticketclinicLA,4234
SaveRepublic,5404
OmarMash,1507
almerindo,3626
kyraocity,3257
tirorere,124
isaacmarnold,4597
areallycc,4267
PavoFaust,4999
DeviledHen,4783
Tortured_Verse,1496
OccupyWV,1568
OccupyBritain,4497
fashionpirate,3551
lucasjoelwatson,4034
Zeyadsalem,2085
Chevon,5079
myssieb,3893
Occupy_99percen,4251
Hatofhornigold,3705
iamelch,2680
loveLoveLOVE444,311
PatrickKingsley,391
justforclasss,4990
r7y6,3934
adforwardtrader,3014
MurattiLondon,1091
sltinstl,4826
occupy_berlin,2420
resistoccupy,3220
JeromeRoos,1395
linktothepast86,898
jhwygirl,4884
Tonsko,4197
EmperorNorton,4066
tourtored1221,2355
ccalving,1954
levjoy,1727
myredmondonline,2930
WeAreThe99Prcnt,5262
OrphanOfADream,3373
SuperStuben,5426
WeCanBeatEczema,539
LADreamr,4812
OccupyIowa,1540
Jimmy_Stewart,4250
OccupyGvilleFL,5146
WhatisOWS,1188
DanPatterson,2050
AFSOCS,2279
altepper,2252
SydneyHomeless,3665
Adenovir,3870
V4Lamoure,2712
mixsyndicate,1464
_KaliKatt,2645
liberatospizza,905
Wriseup,745
MattCropp,2006
jacremes,421
bc_tmh,3916
zerohedge,1839
MattSturbate,907
AnalogRebellion,3489
ericverlo,306
ReyMontano,578
OccupyVancouver,435
Citizensnews,2079
micahuetricht,1258
Pr0xyGhost,487
lloydmj,5333
WSCreations,4803
micheleqj,4498
NYC_LadyGaGa92,2993
kegill,992
occupypitt,3422
taralconley,2408
knox_was_i,1042
TheJoker,2607
garylarry34,2507
norendition,1805
joshmull,5303
timthesocialist,3670
Occupy_USA,168
ghostwriterCas,4540
Mudflats,1006
PlutocracyFiles,2652
knowthankyou,4019
Wary12,1103
torede,1454
EzKool,839
colokravgirl,1711
ZLee_thaTruth,4381
SocialistViews,2292
cordeliers,4602
mrvonh,1498
Lockean,566
Storyful,4556
1Txangirl,2713
ExtremeLiberal,4240
GBowdish,4563
donnf,3723
pcsweeney,4172
2012revolution,981
Lyra401,4868
Anniebananie82,3354
UsRevolt11,4799
rek1113,2091
Monctonsnowman,2068
D_Cassandra_D,2682
danrichman,3150
MarkMcHale_,1948
annabelpark,1566
Dana_Wolff,4199
spanishNY,135
larkin_flora,4848
JerryMander,1439
moecephus,4074
odotm,3802
cvelascoparra,4646
SweetIrony421,3042
langdonw,2130
NinetyNinePct,1683
DaveGeeDubstep,3463
MarkMayhew,4529
FAMILYPOST,1110
anotherday1,4159
busrep,4100
GovSkywalker,1136
ArtProtects,529
staceyhopkinsga,2675
dnarock,1892
bodyspacesoc,3951
YouGottaVote,3612
psucarrierae,1586
bMychal,3089
BunBTrillOG,5012
DEMacRae,3311
yayayarndiva,2439
DarcyBurner,463
HappyExhaustion,423
bdk4,2549
Piercefield_Co,394
CassieAtMetro,3363
tomrgill,3022
bananasfart,3440
es1999,2518
VTJer,1059
CowgirlGramms,4180
RT_America,695
jeffrae,39
bcfed,2310
BlueInRedCincy,3921
KellyDowdell,4013
noir_angele,4176
srtaintelectual,893
OccupyThestreet,4912
lorene1voice,5290
octavianasr,1728
Lady_Maverixx,917
Protestation,1782
southerntalker,1947
DapperDice,5346
janehamsher,1157
OsborneInk,3398
reptileKoopr,1467
ChrisNovaHA,2529
NYCCamp,3425
mgbales,1601
Anony_moustache,4993
crixusrising,1223
andrewrose,3276
LiveDifferently,2756
CharlieKayeCBS,4562
OccupyMontreal,4831
ryangreenish,4635
GValentinoBall,4753
dan_ps,1772
Blackjedi50,2014
StPeteTerry,4049
bones420247365,1303
LeahPearson2,3202
PurePapua,2419
OccupyToledo,5083
PicoBee,2670
TheMarketaire,1163
TweetsPerHour,3721
Vida_Jay,4354
AnonNep,477
mild7,4428
rtotalglobal,5172
BXXIII,4998
BrettFrank,4857
sherikasch,2945
Ronc99,5398
OMGWire,5202
Finktr0n,4111
TheGenMgr,4396
javieraparicio,5222
Blink_the_Clown,2104
stikoo,1044
JesseBudlong,678
wrhudson,4709
elrayray,2142
TravisMay108,3273
XenXmith,2750
srsguynogames,3174
PeoplesUprising,3686
MelissaRyan,2047
sdavidh,3596
3arabiSouri,4775
trident90,2716
motownmutt,1475
PrevedMedvedev,4484
deinerson1,864
Shooter_G,1216
WebsterGTarpley,3772
RevolutionMTL,3698
ForeclosureEvil,485
jeczaja,4942
MindDetonat0r,952
nepsik_proto,5436
RealFoodChoice,4548
bobbyapples,2339
NorthstarPics,4871
KyleTheSaint,3478
Ghostpickles,126
OccupyAppleton,661
Maudlinbos,4745
marmite_,3941
snarnold1,4721
JosephFCrater,3890
bcampbellauthor,307
LordeBarrington,2537
iJustinCabral,3288
BadMonsanto,2248
MyPetGloat,3929
mariagoinglobal,2350
nytjim,2405
edfcarrasco,2962
EchteDemokratie,5111
AnonWkdClown,1508
antiquado,2776
kudzu_honey,2215
EPWIronman,2878
buckyturco,2427
WarriorsofWebz,762
TreyUtacht,1978
Roboto420,1013
SadhbhWalshe,4883
BMKR92,1121
chrisasmith,2303
tashialexander,382
blissnharmonytp,4151
keithmr81,3882
JanetRWeil,2683
digital_heer,2729
GomerWHoward,1214
Anon_Central,308
PortiaABoulger,5372
OccupyIndiana,466
wolfkitten,1072
EveryWomanKing,5251
vivigive,1841
Daisann_McLane,95
ericeingold,4230
JessicaLand,3154
observation_dek,3344
Mayzee590,750
blunt1,1907
tmsruge,3708
mpesce,3498
atatuda22,1377
3birdssitting,4126
Paulx54,946
sir4taye,4026
flavioalu,5207
IXKey,3804
BoH19,1825
Nyxxisnite,942
NYmadferit,1511
bangpound,2708
LifesPoser,3460
BradyUNCW,4980
OccupyComms,3127
fakeconsultant,1390
EricMatuszewski,4786
shaygabriel,1622
frogetteca,256
truthout,550
Inaiah_Lujan,3371
msflowerstweets,1460
marikatogo,1800
RoseWeaver12,842
LuckyNeal,1305
NewYorker,693
LizzieWurtzel,1209
jentingting,1434
mae37,2799
Hokuboku,3530
kesgardner,3795
JenBaker707,4369
kissouraces,2588
Ziggy_Daddy,3053
lunar_sea,1942
DBondtoknow,3278
VOCALNewYork,174
JoanneGreco777,3640
ToneyBrooks,1765
antihierarchy,5184
Vindictive29,269
AliMovesAlaska,5048
stanscates,2370
PublServAnon,2509
BiancaH80,4560
pHinkasaurus,345
Marshallsfuture,3516
curtiswm,3065
dallison281,4060
iMDRW,2409
youngcollier,3631
Zig90,2381
KidRollsRoyce,3491
ArrghPaine,709
HelenOsborn,5324
kkurtis99,1922
ActivismTips,3372
gabjoh,2800
outofthedarkpod,4277
warmwell,2832
SandiBehrns,5169
UTSavage,2348
Earth_Shepherd,1241
SteveLussier,317
GrainOfSands,5171
KellyO,3245
wikileaks,711
elmunchies,5400
jdobzynski,191
jstlilone,1307
SchumacherMatos,1419
mrjoebrian,5136
DocHubee,2296
AnanyaMoon,1064
Elissar,3930
FAIRmediawatch,2452
whatzaname,312
JavaWinters,865
poet_economist,4744
BlackGriffen,1424
Janefonda,1284
smokejack,1856
mattysheets,3059
JamieWalton,3571
im1013,1363
VV4Change,1125
Sizz75,1534
OccupyPerth,3418
GeoValentine,4517
StarGazerLife,3577
xXSuperJudeXx,2672
Karmic_Mishap,5232
danielLongster,2904
DaWierTX,1992
EvanMarie33,2492
EmPeaZee,4410
thebroog,2168
jandroid,3301
DonaldDeez,1634
MayorSamAdams,2323
occupynetwork,729
ctin0429,4847
wilherman,5218
JuniAliMoon,309
bpgulfleak,4342
BobBrigham,5371
brentnhunter,1358
Trutherton,1111
kirkmurphy,2484
Diegoliath,3949
studentactivism,416
tplobo18,3654
jd_nyc,1518
QueerjohnPA,1155
iiamelii,3906
RRowleyTucson,1820
Wisco,2297
milwaukeemayor,3
lacymacauley,736
mis4mike,3230
melissaswebster,1722
NaomiMartin,450
deadthetan,3511
Shidash,3376
DKM33,437
kuccimunstrr,3428
RealBuckyB,5435
francie57,5286
OWNtheNWO,254
advocateofwordz,4645
TenceWolfe,4660
EyesonNY,4351
Smashtrays,4879
agahran,4735
autolysis,777
JazmineSpirit,491
Occupied99,372
softspokennews,2679
cnatale77,3660
VivaLaBama,1471
IWWNYC,6
ShanaSmiles4You,3872
Op_ESR,19
solbutterfly,2394
girl_onthego,1897
prononymo,3032
pdjmoo,347
Lymski,3919
Peanut1one,1691
OccupyPVD_Media,5403
EdMigPer,4652
Gartenzwerg,3182
Wolfrum,627
romanadoorgeest,4403
AGrandKerfuffle,1611
StarGirl38,303
khaweramirkhan,267
mangobetty,5258
belozor,2768
PaulaJEasley,3672
nebruks,4991
alyssa011968,110
Doemela,398
ProzacZombie,3093
Damnitimpissed,2506
Avirani0203,1702
mgouldwartofsky,54
DoloresJCinnamo,2667
dalysdomm,3018
auerswald,3072
hopeworldpeace,4951
EmtoX,3043
Bluesaloon,1299
LANORML,993
Gomby119,2273
MLGreeny,5405
Lilla_Pappa,1993
apexsage,1981
FoxNews,4892
JustinVal,4746
CaffeinSquirrel,1372
ROXSTARZENT,1684
tracygarza,4729
UnifiedLeftNews,626
ItsAllOK1,3025
BeneVerba,4698
DirkZ1,4276
KMBTweets,403
RowleyGirl_4,741
BlueShoes55,1774
maryfranholm,2387
raylab,637
craiglaw2,3318
hannSzolo,3970
weDEVV,1785
EnviroEd,4371
Lolis02,62
MattBinder,3572
WoMayoChen,3805
GuyFeenix,2209
ayo_jay_jo,2875
janjamm,4720
Buncombian,3381
CNBC,933
MoFathelbab,4686
markos,656
WFMU,3937
ElianaMedina10,4773
We_The_PeopleUS,4174
FawkingGov,1244
poetic_kodak,2741
AlliBellaLotus,3357
sklopfer,4460
prettymetals,4148
stickcrazy,4668
CyndiStruts19,2627
ohLove_,3666
Anonymoustemp,1315
sleslie,1843
gregoryrose,4788
antloewenstein,4511
AntDeRosa,640
rvaliant,4043
JulesAGray,5440
AnonOps1337,3379
AmericanUnifier,5064
makingchangesn,1373
CityDwellr,1551
visiitor,1665
elvisdechico,2523
wagnerblog,76
HedwigGraymalk,2200
RainbowZenKitty,3456
lauuuuuuurrren,4681
DonShappelle,2343
cagirl80,4099
Saccaparami,974
msofia7,230
reellives,579
ibnezra,4341
michellejbalon,397
BlackMaxDesign,4865
TheLoveGuyOfTS,1215
GaryPHayes,3711
anonyops_,1863
llrealz,1975
andiparkinson2,3751
JenniQueSs,911
OccupyWallStNYC,35
KrauseForIowa,1008
OWSAtlanta,2349
inwpress,1661
chriswhetzel,3671
primeeconomics,2294
99Prcnt,1010
Reynardinesza,1619
occupySYDNEY,506
huzzmeyer,2526
BrianDuffield,2907
Occupy_Congress,850
effex100,5097
i_am_again,5338
NortonI,5166
PeaceEcologyNet,3940
harmonywho,704
taeonu,4521
kcravenmusic,4986
USUncutPhilly,3927
Joyce_Russell,3690
brucewagner,2149
Higgsb101,4550
MyPeaceTV,788
WestWingReport,5247
pinkichiban,113
commoncauseny,1982
moneymakermj,1098
SunshineEmpire,2211
RoseSpeaks,2903
OccupyGlobalGA,3861
KTw1tty,3353
NadiaArT2,4692
progBuzz,5451
ThatMeanTool,1573
ryanslingerland,2012
JPFields,2311
MrJayHaley,5151
Truthdig,436
sayALLthethings,2912
Twisted_Shadow,4186
USUncut,761
WEAC,2072
Viperman53,1917
OTOOLEFAN,2176
FSS34,1060
buddyroemer,1033
cafesentido,2062
csmonitor,5110
mikegrenville,4421
yagbebi,1976
JustAnotherRich,3994
elaitin,639
spacetimeltd,1348
Steven_Macchia,1562
VidConWorldCEO,559
JaxStateFan,3953
dantanner,5208
glasgowoccupied,4834
TwstdFishy,5020
_mojuju_,3194
Moving_Planet,272
chaostheory3,2389
GuerillaMonk,752
ShaDixon,4505
acrylicist,1784
clay613,3600
malcolmjackson,3589
deepgreendesign,1158
pfogs,3484
AnonNewsOPS,1330
saveanescapist,2555
NanoreB,1790
rationalists,438
MarG2104,1414
Taosnadh,2777
GencoFilms,2138
LINUXterrorist,1337
ty_ushka,348
JackeeHarry,4568
TheAngryindian,1868
heratylaw,913
kennethlipp,179
ari_WISCslob,116
vallie,1952
erikhuey,4252
ReidErickson,948
xdoom900x,4383
peacecompassion,5167
acolleb,3185
chaplinlives,5441
beccachiappone,1905
TrinitySaveNeo,3599
numberV1,967
Tigerfists88,4960
AnonOpsSA,5023
saraschulzshow,4210
DylanRatigan,483
JoeMomasNuts,2880
j4lyn,2505
occupywestchstr,551
rjcavcctx,4889
BaghdadBrian,1848
DefeatVos,2136
GotchaMedia,3129
PamelaScully,1651
newrevradio,941
YoNews,3411
lizgallo,3011
rnadworny,4187
NoToPalins,2036
DCdebbie,2129
figleafe,1882
rosaborealis,3461
JoshuaHol,1133
toddindependent,4590
N_Benghazi,3544
tacomamama,2871
tjolsen87,1302
curtiskj,2042
ARTinPDX,2114
garyrotter,2635
kpaulmedia,827
stone_circle,1080
ChristJesusf,853
txmattie,3902
DougSingsen,1678
geetadayal,4731
rhiles2760,1991
MBShatz,4338
putyrdreams1st,2803
karen_444,3208
VendettaStudies,2166
MiltShook,2288
fwalloe,1927
vibeshmm,763
fazools,2669
catPlaying,1070
Xeus,517
thedorkygirl,3555
Kate_Chase,148
Meris_Music,3647
Astra543,1654
InjusticeNews,5065
HelenMButler,3176
MrTimPape,5250
GridironExperts,2835
critmasspanic,3986
IWJNational,4814
NeoRenfield,4881
lifeless1,1581
hardknoxfirst,821
mydailyissue,1698
eveensler,5231
SEMIceleb,2614
EmilTin,5318
Peepsqueak,3624
ZerozxCJ,2926
LibertyBelle4,2121
MJayRosenberg,4189
thusspoketim,3763
TIBETANS,3507
AaronBBrown,2087
Obamaphile,3780
AmbivalentEye,4673
AnonBecca,2516
DlorenDarnell,3800
mkapor,2208
JaGoFFmusic,1935
cheriehanson,4023
girtabaix,51
henkhogeweg,1956
SevenBlunts,4493
cartdawg,3558
juliacreinhart2,2242
Professorsan,3468
INFO_Libertaria,2407
itsbiglove,2139
occupybristoluk,3886
iain2008,1172
AlexisMincolla,4446
AnonInsurgency,874
vivrantxthing,362
15octobernet,7
kstatik,4323
byronsweet,2706
DEADHEAD1776,1808
NARALMissouri,5449
Rufio_Chellybo,3228
AnnCali,764
IrishinNOLA,868
NickG136,192
Ian_Fraser,2045
Adam_T4,1480
Alekzzzzz,2095
noboa,4546
BlogWood,1201
greyparker,460
ConchoQueen,1563
terenovela,2570
CabinCr3w,139
rhgnews,2075
johntmarohn,3592
ThinkTwiceRadio,3540
Din_SFLA,507
TeaWithCarl,2241
AAWiccanSociety,2942
4d4mbr0wn,1567
DreaMcCoy,4215
ASilva_NY,5350
AnonymousEhv,2678
time4sanity,4707
CageFreeMedia,4615
Mruff221,150
JohnD1967,497
NeilPaynter,2113
kr3at,1071
JeffSharlet,1331
SolnovaStudios,1857
Pete_TheKiller,3777
MidClasWarrior,4791
TheShannonFiles,4667
OccupyChicago,22
NYTMetro,679
tobiashigbie,5138
theothaDocBeal,3227
jeremahaffey,4444
Clarknt67,2618
klf129,799
MickeyFu,748
Smedley_Butler,5076
BGDTootSweet,3347
stevedew,1171
Pretefunkera,669
DocPuppet,647
GlobalRevLive,199
pari_passu,3943
heyheyheyagaiin,2830
Gawker,2453
LandLLaBoy,4241
democracynow,114
lulzjew,4077
tonyntyler,1690
insprd,694
LEFTMedia,5362
RonaldLewis,1034
jcpoole94,4225
UnivisionNews,3673
fmason002,2223
davidweidner,3470
E_Joyce,2155
SpringValleyKep,4632
donnaPallotta,3797
madrilonia,4282
KrissyDiggs,4461
OccupySFMedia,5105
TorianBrown,60
BarryWirth,1466
AcampadaEDI,1499
dailykos,3857
morphusbfly,3649
dissentor,2980
harleytweetie,2964
chama463,2791
spice_guy,3013
FamilyCourtUSA,2916
mobius1ski,209
ulh_,3338
michelleinbklyn,3815
99yardTD,2342
xxdr_zombiexx,996
Danziger_Effect,1053
Mr_Jack3,4336
Reef_Ledger,3808
ODB_Nici,3405
Haripremkaur,4415
turnstylenews,5041
WinnyBeards,3047
oxcindyxo,2650
UndrgrndNws,3187
ph1x,4413
ConnectTheLeft,2035
vRRitti,4516
stillscenes,4442
chiniqua,2784
atpolley,3225
BrandVandal,3119
PeopleHubUSA,4295
digby56,2449
zephyrteachout,4139
enemyspy,2227
krveale,3186
juakali,3320
takethesquare,234
strapski,3622
united_ny,4898
DavidGomezYoga,3959
promethearx,776
TaxTheRichNow1,3101
BigMoe_,633
Hex_M_Hell,4002
brandoncorm,3233
BardOfEarth,442
ravenb,3989
majda72,5233
SabrosaPurr,3947
AShinavar,496
BellowFellow,644
Fastooka,1530
mesanger,4502
protestation,2910
VoiceOfThe99,3755
marlamase,5384
PPHmedia,3825
davidjrdotcom,4748
OccupyJudaism,223
FRwritings,828
RealMikeDice,1642
KatrinaNation,2053
crsommer,4979
OccupyCNN,1007
MarkVaritone,2794
JustinEdmead,1521
sakurahskies,2179
idclrWorldPeace,1297
yelbley,4601
braydenk,2953
SPaanhangster,1940
VincentOnSocial,3299
highonfailure,1550
LiamPhuckall,2487
flavorpill,4429
sfsthetik,5094
erbinstitute,4154
mstobivail,295
SteveStreza,4524
WendyStankevich,3529
NickKristof,1998
Dwayne420,5330
giuliag,4437
Ana3rabeya,2763
TheNicoleWitte,2232
blanksterblot,1895
rebeldiasocials,5254
aaronspagnolo,1789
nessatism,2867
SlaughterAM,1753
netk,4399
rachaelmaddox,190
litterareport,1360
Dark_Rose_xoxo,3240
druek,3056
manbartlett,4802
AnonaDread,1347
Anonymous_SA,356
FireYourBank,1609
ChicoDelainky,4373
BrysonIsGood,1525
DownWithTheBull,14
noyb100,1979
politicalsushi,4675
OnFrequency,2388
PatTibbs,3938
gnudarwin,1986
CodyEliff,1541
Oculuris,549
TheBoyIllinois,2028
zoeschlanger,4416
StopFOX,1012
sparkaction,5165
TheNewDeal,100
LeadNews,3774
mike_t_johnson,2651
Jane_WI,837
davidmmarshall,4766
gar0n1,154
RobEjr,3609
kittylight,523
tspj22,4064
_truthsetfree,958
AgentOrangeNY,5040
DjGeorge3D,1170
MemoInstitut,2976
poissonjensen,2302
AshBaxNYC,4631
ericjackson,1643
HoughtMusic,5030
MConner79,3658
SenatorSanders,137
Jason_Pollock,3849
LisaMicheleM,1452
ClaudiaLizMusic,4734
norwind,870
pbpositive,538
gavin_bonnar,1951
ChavannesV,3788
FOKNewsChannel1,1169
deanprocter,663
nonnydee,533
frankidemerle,2257
Layojo,1731
WhoDat35,409
LUCKYMW,4301
KnowReasonLA,5017
astriddare,169
AnonNCarolina2,747
KING5Seattle,3960
lukeshore,1046
Phillygirl1441,4291
Tapestock667,3239
Acampadaparis,611
SchoolerLA,3054
mahilena,738
2010doc,4737
DemConWatch,5391
kleinjos,1760
a7160957,3330
OccupyLV,5037
JillEBond,1617
rjoseph7777,2247
tomixh,3305
JohnHeaner,1598
fantasticplanet,3075
PatrioticLogic,3669
QuietlyBrlliant,588
wklokow,3730
SuzanneOKeeffe,1068
JoeyBoots,1318
OccupyCincy,1193
NaQuelBby10o,4891
phab3k,4860
simoncowart,2340
APeoplesParty,5039
anants,5112
toxic_lunch,1670
nicolecorre,5085
EurekaFreak,5349
seyyedreza,4090
anthonylfisher,4658
OdysseasKing,580
MotoRacR1,3262
tarynoneill,3703
quasiverse,790
Occupybuffalo,2397
OccupyNow,5358
mayalhassen,3492
DaveMc99TA,2269
DianeSweet,3799
RozzaN,1867
donlemoncnn,4193
sveveg,5177
kidcaregiver,5255
OccupyAllSt,3588
MindnMotivation,2191
noworldbank,989
HuffPostPol,4918
djpoptart,4626
BestofOccupy,4293
TheThinnestTie,4296
JohnWDean,4048
Irenic66,2477
sknyjohn,4922
Min_Reyes,2
thestereobus,2693
jamesjharker,1486
ashland81,3232
ProtestChaplain,30
jerseyanarchist,3172
doranb,5024
AnMustafa,2984
ailatank,5217
fshakir,2468
jackmechanist,2819
lynx55,343
Matifesto,2430
bonapartess1,973
SpainRevolt,5021
wmnfnews,2205
LA_JreamComTrue,266
thenation,182
kami63116,1819
H_O_G_,3957
_abby_c,2299
3StepsBack,3606
WeAllOccupy,2228
ForeignAffairs,4852
aggsveprogressv,3862
Star_Descendent,1199
p0bailey,2839
brianpeddle,4055
weywerdSun,4052
WhizChem,4271
99percentbrigad,5100
OWS_Live,930
adjordan,2383
1whoknu,263
marymad,5418
plusonel,4071
YasirTineh,2714
RebelCapitalist,289
tomi01uk,1674
dnichols08,3120
flippychippy,4670
mrdaveyd,3335
DBL3,3388
OmidyarNetwork,2021
gleuch,1150
itrevormoore,3846
chatimaz,2466
GittleBos,3003
AudreyEwell,3550
leesebkk,4219
soconnor550,318
publicampaign,1335
OccupyKC,4574
virtualactivism,4113
aliasooze,3423
theadingo,3950
AmerBanker,3451
occupyOBX,5429
shoils,556
evolvefest,1455
sububiclothing,251
ForFawkesSake,2428
Damaskportland,2159
DavidOAtkins,4697
OccupyCalgary,1585
ZackGarton,3364
yesmagazine,1745
GovPeterShumlin,4302
PrisonReformMvt,4817
GoosetheFox,3073
21law,1137
AntiTeaPartyWIN,508
8Presstorm8,448
am198,4691
wi_defender,1174
NoBordersLRLL,5261
EconJarboe,2810
Valerie0714,4316
TheBrowser,2304
ctolliver,4640
TwoPuttTommy,2096
Idrealism,897
partygnome,781
XVerse10,4081
droxz,1061
DrAKSarvis,4688
DoxIMPI,3430
emst,3911
LibsRule4Ever,4762
clausw,859
netgraffiti,794
majorityfm,834
LeftBehind_CNY,2416
Autumnbaby_NYC,888
PJDoe,1694
pdenlinger,4900
VitalVeda,3128
suiteheart,587
asmith83,2175
waqasrockz,3731
embryodb,3474
LightyearLuna,884
BWheatnyc,2133
TheRealWhytney,3368
pwongview,3472
frankstrategies,3148
Jerry_Makare,2544
miixxy,1458
timoreilly,171
RachaelJane_,4575
Gunner_dain,3497
michaelkbusch,680
TheEiron,665
catchcourage,4573
CMTowns,2781
MsBecker,3210
PegwithPen,4907
crypticvalentin,3265
mathpunk,4473
pushforamerica,1369
kzelnio,2900
Jenn_Weeks,177
therealSaylai,964
leslie_512,3532
RoyalMitKaese,2173
FDLDissenter,1767
OccupyDenver,2580
PhilBildner,238
wonkette,3809
pqpolitics,4897
jimmyp1214,3287
ClassicCph,243
KeepMiddleClass,3563
geraldcelente,1883
proflafferty,1022
AdamSampson,3024
CryBabyPrize,1932
AlekW2113,3205
edshow,4037
jalfordfowler,167
geoff9cow,1202
VaporOner,1491
crewislife,3523
tovangar2,1807
allisonkilkenny,59
pirate_larry,1989
FeedTheProtest,1962
flaugherz,5274
JF_Unbounded,1345
SelltoHelp,2931
tracy00lee,950
TheAlyonaShow,3952
yokoono,424
TamTamPamela,4858
GroundedTV,1771
robertgreenwald,3817
ArizonaNewsnet,1351
sflawdisorder,3297
nathanlfuller,2151
vigorousnorth,3224
MissCommonCents,2958
coffeepartyusa,1192
janpowers,2973
scrab8448,4967
ChrisShields,4247
YourAnonMusic,3661
EisMC2,4988
drgrist,1187
andersoncooper,3641
omarjpeters,5075
AFGENational,921
_WageSlave,1160
bishopbitchface,2225
zeta32,3415
drjohnbaker,5137
proudlib2,2195
ECOccupyBoston,5125
AnonymousOwns,2824
smoshauna,3515
xposinfalzhoods,3261
LaidBackFarmer,5084
CoupMediaGroup,5129
tavlesh,789
goldishack,1899
NanaSilvergrim,2829
Our_America_,3314
DolefulLions,4400
neongreen78,4699
Rav_Bunneh,4405
sandyknauer,3644
moritherapy,4595
greenpeaceusa,1085
agsharma,5212
AfterRevolution,3156
StopBeck,638
MachahirNews,1030
Amandaletta,2513
Anti_Secret,17
CampLickalotta,2240
WATMAB,984
theuptake,631
FullEcaypabull,2624
rawrclarasaurus,2185
Anonymousse_Qc,1254
peacefulwarrior,4718
OccupyPeoria,3078
Sharon1943,1084
MichaelOReeRee,3201
mjohnsonbooks,2834
paolamartindc,3964
jajwouters,1320
outerbanksmedia,3744
shishsesh,1035
SebNB,5050
Webpoppy,4158
tweetminster,5370
faceyet,1301
shannonbullock,3448
RonRedcorn,5366
yettakurland,3031
bionic_beer_gut,1520
OneAmericnWoman,2727
pirijod,731
Texano78704,4009
m_cetera,503
antighostfreq,4785
ejhilbert,3366
justinlimoges,2081
geologist,387
mooremusings,3955
truth_conduit,2769
asscstudios,2673
elisabethseng,3203
papicek,389
Anon_opsUK,3790
MaryHanafee,1918
Tempibones,707
Budouroddick,5201
AntoniaZ,291
Engender_Love,5183
ggjeffy,4384
casey_bowman,515
Intangability,5387
ChaplinsCourage,1154
elitenick,2411
benbfranklin,1334
InvasiveNotes,1146
GravityDynamic,82
NancyIannone,3976
AnonKitsu,203
Javster420,1924
zuccottipark,3847
AnmalCracker,1835
jeremyscahill,525
Jezabeldiablo,1696
POCAHANTAS23,4347
matuzalem,2400
OHLMK,3646
OccupyCanada,1322
itsallyoga_baby,4418
GioSafari,2765
trismac,1688
mananobodygirl,4123
MarinaGipps,1109
censorednewsnow,2762
gabsings,305
CalFireNews,319
RmJackson13,2660
DiversityIzMe,5226
actly,543
surrenderedflow,1577
utahnon,2145
TheAndreaGail,1640
USCPolitics,3682
MelissaAnnAdams,3859
PalYouthVoice,1724
TourguideStan,931
mqtodd,4565
evanburchard,1676
HenryRainesShow,1578
shamuskhan,2329
OccupyFTCollins,5409
NYCGADispatch2,1222
tyrgr,2448
DeathToTyranny,3058
Candi151,3386
LeftSlashRight,4955
RonnieJae,5437
electrickid13,2336
ThomasMeadia,4424
dhatfield,1703
Amarillion82,2963
cleolinda,3794
WaronWallstreet,3677
michaelskolnik,1259
ericssinger,2255
AnonymousAm0s,2143
TToala,3480
systemError2011,3536
henksijgers,4758
Anonymous_GER,1833
minazzle,3547
nancykric,1535
omeedboghraty,4577
AnonCorpWatch,541
CablegateNews24,3505
Jeff_OToole,1184
kaffeinated,5240
PsteinND,2574
mjl62,696
TwittOff,957
gisetta1,3319
TX_ESR,2298
RooftopJaxx,524
GreenGeisha,2569
SalehFekry,737
MythChick,369
ThelIluminati,1293
reenasharmaaa,2915
littlelisa8,314
GagasPeter,4669
grivlin,3633
TomekaQuintonpj,3615
ChavezChavis,785
toyotabedzrock,1381
5wa,2664
JPBarlow,213
StarkIndDefect,3214
csmyers88,1988
barbwire55,813
j0d3y,3869
modernactivism,56
ladymerelda,2865
Marc_Beja,2280
jessevantol,2495
Pio420,3471
WhoisDEMeNTiA,2796
Jason_delaRosa,2992
ThatChrisGore,5275
Life4BH,1890
Zeigen71,2646
minds_free,3267
OWSrox,274
MediaRootsNews,3308
OccupyPics4u,1798
jp966,1811
jaszekphoto,743
851017hiam,2848
corporat_OCRACY,5279
AnonPawn,3419
reavoiceson,2572
chrislhayes,237
blkahn,2146
MelissaRowley,4863
jamesybaby,2201
robert3242,193
eponymousthing,1659
lcranston1939,104
mollyelaine,4450
GOOD,3380
melissagira,2501
lydiaburdick,3012
mo0nbeam,2764
ntisec,3455
FotoAndy,2924
RKFA99,3824
johnleesandiego,4941
otciii,4576
minorjive,714
AElMassry,4462
ADmazed,3901
insanityreport,1533
aCreativeBoi,5044
Fakharotta,43
Animaldance,5101
RRocketto,5162
OWSLosAngeles,325
Lucomo,3321
theyesmen,3745
adpucci,447
allabouthelp,4976
UFOTruthAgent,2911
AnonyOps,90
foolishobama,2575
mollycrabapple,4382
superguts,250
OccupyBKNY,3259
redfroblog,3664
jillianbarfield,3980
zappa2001,4485
angelindiskies,3429
gaycivilrights,3566
tbird53,961
Leoslaire,102
highway39,4728
rkansas,3331
Z_Egyptian_5,2558
anonmoirae,2522
theblej,2250
BusinessGypsy,2230
CaliFlowers,207
VanityFair,3449
DavGolProject,2617
d_hite,2105
HansCJohansson,3097
marmite_news,2119
detous,2585
occupycolumbus,5263
notbenmosche,5322
renatovaidebike,4136
LucyKafanov,235
penaetis,3049
AlliMcCrack,1999
thisever,333
JohnTiremanJr,4530
inthesetimesmag,1943
FearDept,498
sonyazink,376
not_me,121
crap4face,1545
SocEconEquality,2731
envirowacko,4739
A11_Seeing_Eye,271
ariannahuff,1730
lindaperrybarr,1743
soitgoes123,3866
RickStrandlof,1686
mr_scottie,1398
LeilZahra,1717
JordanBertram,1316
SherryTalksBack,165
TheAtlanticWire,125
TheHumanChannel,381
suzania,4637
StopTheMach2011,591
IranElection,4864
jkarsh,2100
IamSilverPeace,2704
OccupySanMarcos,4854
FarsiKanga,5199
thinker128,532
levitandan,1408
OccupyHouston,2440
OpLansing,3161
SocialApocalyps,499
tomlowercase,3140
johnnywrenn,719
SavannaPowell,3269
VRBain,2961
roya4la,1418
mynaameiz,3981
OCCYPYNC77,2402
NYCSep17,156
global_news_now,5214
AnonOfTheAbove,1704
Rusty626,87
ybfmiami,4046
MightyPenGirl,3841
Phitter,1596
pennyred,4617
coco_rivers,5195
Dima_Khatib,5249
chriskromm,4357
craftster,378
WeROccupyUnited,1296
cinnamon_carter,4310
subversionistic,162
kvnc,4103
South_Texas_CEO,4916
joshuaclay,3679
boyceiom,502
Liberty_Chick,1292
msanthropics,48
thepoparia,4434
OccupyTheHood,402
MilitantNews,991
SocialPoetics,4606
ecoSanity,5086
Le_Professional,5351
masspirates,5356
Remroum,84
DissentMagazine,3426
VirtualBoricua,4326
DugganNY,2082
anamariecox,1746
louise_des,2717
bwtxtwit,2103
karenthereigh,3312
magonista66,869
EyeGod,4536
jfktruther,522
texad,5011
AyeshaKazmi,71
alysiawood,3754
JConiglione,4121
blogdiva,142
Fochik,1000
HOOVILLE47,2041
Deprogrammer9,726
occupyPHX,2696
wwjimd,568
Twittcensorship,1306
1010WINSNewYork,3343
Benttinen,5278
IAM751,4285
watergatesummer,4027
BalncedRepublc,1324
linhar,1102
SahraMaclean,2869
LarryThorson,4787
BNBProductions,4447
dhinojosaxtreme,3812
SSSTruth,3814
SenFitzgerald,659
aclintonb,2260
publicintel,1803
nycbiker,2158
bobdobolina,3179
Thirtythree3,4532
jbrady77,2308
barachoix,3888
HenryCorp,4902
kingkuzco,2540
wcgirl1,3608
jonathanrcronin,5389
Unillustrated,2154
Can_ada,2015
daviddonnelly,4044
phillipanderson,1113
NothingToAttain,1600
MarthaPlimpton,5189
HollyOrd,3559
Anonyphant,1178
GhostFlame713,4531
99PercentUnite,4935
The__Forest,297
stacyherbert,1145
NodeDog,298
cosmictoast1,1032
StCyrlyMe2,469
PaulaInTulsaOK,4569
DylanPenner,3913
OccupyDC_,4790
Adbusters,20
dmervine,1902
Agmarr,4510
SusanDozmati,740
zoomarang,2073
JMCQ87,4057
SpeakMyMind504,3015
Preternaturally,5152
lrl_anon,4401
randomdeanna,2470
dwade828,1004
FestiveWarChild,2134
noahwhitford,3034
BlueDuPage,520
SwampTroll,3286
proudreader,5300
onekybabydoll,4919
NA_An0n,2872
barcuicci,4792
OfficialRabbits,97
RobtheIdealist,2804
shawnfleek,1972
adam_casto,4477
grlake2000,4278
KnightsOfLabor7,3565
LadyFizelle,4018
ilovecharts,684
exmosis,600
EricWeinrib,412
HarryWaisbren,594
OccupyWallSt3,1233
digitalctzn,3813
Morning_West,1984
jfranks03,4810
laurenvoneper,1512
KatGad,3739
AnonymousWallSt,552
MiaFarrow,4620
Fara1,1875
HumanitarianWay,5296
sirmitchell,4614
Conspiracy2Riot,3196
wesupportoccupy,926
barefootrevolt,3188
seanpaulkelley,2604
teri_abel,2946
AlexisFaye,4665
SorosIsaNazi,2332
SEIU615,721
HomoCarnula,3362
OccupyGRmedia,2436
immadmandy,2266
rocketgirl3914,1247
Cartpi9,1153
Occupy_Boston,936
BruceLaBruce,3807
AnonSikko,117
CarwilJ,3289
TheFinalMan,4062
MaksWell42,4723
trevormusic,3149
rboiATS,5003
jessuckapow,456
diggrbiii,2895
eheat,712
kelse_kelci,3281
nicoledimas,430
whumba,756
PatMacGiusti,4305
BreakingNYC,2502
PDXsays,4804
POCworkinggroup,2432
Mercypolitics,4361
ComCapREFunding,2040
SFness,4376
Occupyfresno,3874
jcstarzyk,4200
akuma_river,1983
strangestrings,4809
UnitedWeBite,2309
lheron,4150
jeeezelouise,1314
NancyThompson08,4950
DesolatePoet,5292
atendril,3465
anonstopable,472
starsprout,4629
DustinSlaughter,74
KENTCROSSE,2864
rugcernie,1445
wskrs,2503
BreatheEasy2614,2295
FreedomCO,5031
EastCoastAnons,4820
OkUncut,1043
PatchouliW,4508
Da_awfUl_trutH,1536
heydaraliyev,934
OccupationTV,427
FooteSteppes,1197
csulaiman,1904
JosephKBlack,1283
emokidsloveme,439
4e4_Network,759
HuffingtonPost,1176
RamboJon3s,4512
SurrealSavate,3735
SabzBrach,27
USWBlogger,3578
beccay2,3875
KKoz22,2375
TPB_Stun,58
fr0m_ashes,5416
AnonNewsDE,1290
BrianBoydstun,4564
Chef_Domenic,2253
carwinb,548
Slackermom66,1028
UnifiedLeft,1100
OccupySanJose,3002
KaylaCarroll4,3243
memorycache,5294
Fiorentina5,3753
AnonOhio,2956
Jobrny,392
FlorenceKitty,614
naseemgohar,1326
jimmycinders,3651
acampaviena,5128
RepubsRScum,5192
tdsamuelson,4605
aimhigh2400,12
fermdennytraci,1195
MelodyAtHome,99
billymeltdown,4360
TimKarr,1591
mlive_lansing,3279
HawaiiAutoGroup,2365
LexieMayHunter,258
jessebeitzel,3040
BrettHulseyWI,5423
SerenaBellisimo,473
jealeigh,3394
cristobat,3060
BrandenLundy,526
NegReinforcemen,2220
DocR0cket,2623
volksmenner,1093
J_P_Holloway,1225
cdragonwagon,1970
sunnystill,3441
XerxesQados,2511
annmariechristy,2171
Russ_Robinson1,4102
adamthomann,929
BrnEyeSuss,4284
PeterSunn,3355
ricelaker,3383
beestokes,3282
modemod_blog,3304
dragondani73,4997
evagolinger,5158
envision_aries,1449
sodneytrotter,2551
OccupySB,1557
brianlrichards,3822
OccupySeattle,843
OccupyFTW,3155
RhoRho69,1185
xaiki,2989
occupyitall,5027
RapKlap,4676
PhillipsPasha,2457
sspcampsie,966
tickerguy,3432
GWNIII,3152
Surferess,1747
hayeshe,784
dlwdillon,944
Bravo_fox,3132
ckanal,5197
Anon_Eire,283
CoronaRay,2368
redmouth520,3199
jchicksrock,2596
OccupyDJ,2160
ArtWilborn,5238
LOLrepublicans,361
Vanadia,2600
msmithmannford5,5131
anon_pinko,953
TaxtheR1ch,3570
pure_honesty1,5103
gl33p,583
fido999,4684
PermaGoddess,5253
ianthegroover,2988
therealhoppyhop,3204
ACLUofIL,4995
weezmgk,653
SemiGremlin,3417
notjessewalker,4269
CallMeGoldie,2398
StigNasty,3998
MarquetteDems,593
blueberries4me,3329
buddhkist,2752
samalcoff,5120
bulentm,1599
cyranoakacyyung,4314
Carlosliz,2613
AngieCrouch,2960
Mike_JF,358
peterdaou,2147
VicAceR,3285
ishtarmuz,326
shannynmoore,4167
USDayofRAgeOR,5291
leeand00,2532
AntwanFloyd,3995
chichtweets,5401
ChipRoush,3221
CaliphXavier,2773
gothgirlphx,3867
OccupyFrankfurt,5055
MarilynBConner,4224
deafear,671
BrockXerox,2734
drumlinIRL,4307
americablog,504
Alikrainey,4896
BellaStarletDog,1417
DropDoc,4816
Sana_AdLucem,3389
Eaglefly124,4248
daniela_aum,4861
a_nem,4264
Casper42oh,2094
Ottiferous,4222
Danielle2671,4598
eliza2854,4324
ClaireStahl,313
RedDust2010,4297
exileinflyville,2222
DanonNewsNet,33
jamienan4prez,2542
langley,2644
timesunion,2414
JennyIsaacson,4582
roncallari,3438
JenniferLavery,4306
sarahelabance,2745
kelly_carlin,1549
thinkpunk,1459
frimframmed,2602
legaleagle,596
BenPerrusi,4417
ionmyke,2576
theprez98,1336
marksorkin,4765
SmirkingChimp,5313
Justmehcr,4143
banditelli,1020
FrithaM,4423
Dutchmasterr,1438
OccupyOmaha,4741
BoomBrusher,322
irregularjoe,3766
Faaz71,2981
Poncicle,3181
jazgar,2291
iW33ZY,5323
DebtTrut,4239
dailyhillster,4254
DavisKowalski,2802
BlacksheepKitty,4472
Sothdra,2949
governmentalflu,3556
Sysparatem,3613
PatGinSD,5365
SgBz,4279
maudlinmuse,4093
OccuPieIowa,1630
ShortPierReview,3785
Arsalanism,3999
LesReichVegas,4255
AnonPierate,1900
VoidSeed,4263
oz_house,1754
alexfethiere,901
Barbdewar,3924
IbnOmar2005,3527
ASlowClock,4185
Art_anacrusis,4679
akrockefeller,1067
ZubairBR,2868
sarahfrances11,2352
DannyBerchenko,2684
tigella,3759
Lavellsays,1120
allanrdavies,2099
OccupyMSU,5115
HlwdBlvd,5191
SteveKarol,2789
LuckyMagazine,4682
neon_black81,2550
IanHGray,2952
eDahms,1710
occupystreams,4777
rcooley123,1281
ssr11,1980
Not2Fear,1078
LMCindi,830
velvethammer,5305
GSElevator,1861
SaberGato,2312
lindseymysse,3979
owsbot,131
Redisgroovery,1401
mayazazhil,2008
cooperhawke,4756
uleakedit,1829
DMaxSamson,2813
TxVsSocialism,3070
nescdem,3648
ZTLFIRE,2913
time2awaken1,2812
ChesterSteve,1995
OccupyMyCat,5427
Trunks_Ivy,5150
SuicideGirls,683
dullyM,4258
Luchia_,832
DM286,32
tinytutu,4647
sustainableMBA,4039
OccupyVentura,4420
edge57,5126
fluxusx,3903
LulzSecN,962
OccupyTokyo,5009
morzhilla,4819
degamuna,44
RainbowAurora88,2204
ArtByDjBoy,3393
theLoopsurgeon,1161
DelwynRockOn,849
ellenwinn,5311
bradkrumholz,3975
phumano,904
Kostyack,4778
FascismWatch,2199
ikwezi,3992
dakania,400
JennieWalker,3602
blauerfrosch,4304
MuddyPolitics,2852
SumofMind,3996
leadwoauthority,3962
SubstanceNYC,4095
senggak,5096
AmandaAzim,5147
CNNVideo,183
SpirituallySewn,3561
nycdoenuts,4769
yelvington,5355
CorporateHeresy,4474
jeaniebgd,3252
ChristJesusGod,4811
freegeeker,780
cheeriogrrrl,3778
LondonIWW,2783
sillymickel,1001
iamrobtoast,42
rahartwell,5395
PhoOnTheGround,1776
LadyNole7,4229
thinkthinker,2372
Marnus3,2206
heywho,1128
hopsbride,3183
AcerbicRN,3165
Occupy_Freedom,2382
ConstanzaIW,479
AlohaEvery1,1374
bentzminger,2369
MiseryXchord,2289
RichardJMurphy,3501
MarxineWaters,1483
2011rebelion,344
bondcliff,3922
OccupyBostonNU,5406
robertjengels,4149
VibeWall,2037
avilarenata,2328
anthonydimieri,1295
Hasikic,3728
DamnedLiberal,5176
stevenjwhite,622
rortybomb,3961
ninatypewriter,4061
noooraan,2566
All_ISee_IsRed,115
SpeciesLvlThink,161
sindikaria,4818
christinaboyle,2051
edbott,471
ArtemisBSG,1147
Jazzdragon,4757
MaddowBlog,1928
deuce788,1631
TheSquaredR,4040
Concerned_OR,3114
edwardvirtually,947
theangrymick,4438
cdubs,1333
anarchival,405
glebetrotter,1310
HhUuSsHh,2579
mairondil,2431
KnorthernKnight,681
pritibali,4887
politico,1342
collmaxw,4363
jmalsin,2418
arawis,5442
dmilor,3212
Call_Me_JaNo,4169
OpPanama,5265
KevDGrussing,2478
msbellee,1139
Murray49J,1645
mcullen546,1653
completelybaked,252
RecCityClothing,64
ILoveHumansClub,3144
WR_,1023
JeffersonObama,4962
WayneBoese,3560
keith_douglas,4345
Donna_West,668
RoosDaddyDollrs,2862
kaisdavis,3397
empower4wealth,2697
nicklawliet,5412
alibomaye,3742
kelliyeagley,5244
gregoryfoster,1709
OccupyLA,545
MsHnub,881
dmf71,1582
awop,3756
IranNewsNow,1793
otriarch,1644
TongueLove,5206
k_m_allan,1328
pbreen1,4727
caradox,3064
MICHAELDOLLAR,2153
Butterflyofmuse,1695
Randletr,1474
zealousidler,5215
fairside231,3037
xacrox,2653
dnsolidarity,4312
coffeecrew,1152
underwoodchamp,657
BalkansBohemia,2456
craftygurltoo,3395
oceanrevolution,5198
diggtwoface,1025
thegadabout,1685
Political_Bill,3625
homegypsy,819
Quintonvm,5266
BABYDIABOLICAL,432
Ontop55,3520
TruthAboutSyria,1919
trustgossip,3509
Kathy_Valentine,4592
tori_lovesya,4146
OccupyInfo,357
lux113,4875
jamiekilstein,399
EuroPleasureMac,5380
debrabekker,4982
TailWindImaging,1814
Park51,4114
Shabazz143,2026
VoiceOfCitizens,3346
GaryRidesBikes,4604
rosegoggles,2699
MDMJD,1497
NalonRae,3062
AFLCIO,1182
WomanVote,2056
jumblejim,4075
JLownLaw,241
DragonflyKid,2112
MusicL1f3,4685
ProgressivePam,3806
Sebastian_an,2751
wggoodness,1151
LadyZivago,1050
DeeLoralei,847
Lejla_H,1099
SEAMUS2011,4104
mmfa,1796
InsightOutNews,2106
Energisch_,3963
arnoldogarcia,2124
jenelisespieces,2821
PulseOfProtest,337
lruettimann,1106
Breaking911,2066
TheDailyEdge,1011
AnonymousIRC,72
FLH57,2183
TalibKweli,514
itsEnas,1524
PlaidState,2622
AWKWORDrap,4837
DiamonDie,2761
OccupyPhilly,769
INTLRevolver,732
brianstelter,3535
soulsurferSTC,3391
librarising79,2859
ioccupy,2317
harocat,1559
vvibbert,1257
OccupyWallS,2786
tigerbeat,1797
SinisterTopiary,4491
PunkPatriot,4489
tedalexandro,1614
Z_Egyptian_6,2556
ProChoiceGramma,3715
mfox_us,4603
NeeshaJohn,2795
CastanCentre,2983
bniks,4557
melisheath,682
wendymartinak,4978
apexnerd,2950
aliens8myKat,1038
csobol,3030
artsykelly,4211
RedDogMA,3218
JDGOLDBLOG,4543
theother99,4433
tomtomorrow,2488
durjoy,3688
Nexusflame,1052
borisgaleria,4487
spacefroot,1130
RevolutionWill,1019
PlaidChicken,2726
XxFejxX,3206
SamBrunett,1515
cnqmdi,4624
USAanon,1159
SadieMae23,2386
ledzeppole10,492
Electrro,3323
okokitsme,692
aaadriennec,4259
euthenics,2744
micmac99,1542
Federal_flashes,1054
OccupyNS,5051
bigomega73,1934
envirovegan,5227
MADGEAustralia,2573
akwala,1787
Samosata,2366
lgs612,4866
SignByThe_X,3020
jirotnes,2592
greenthumbnails,4411
kaepora,478
cristobalcuenca,4625
viletweets_com,4280
usuncutmi,734
FilmmakerMag,4742
zefie,4379
jackwadeshow,4877
Itsjoeco,157
OnePartyUSA,4000
BotreeCafe,4917
joliva99,3157
TruthExcavator,1101
merrystrwberry,4555
polymath22,278
OCCUPYBERKELEY,425
pablorawphoto,5339
kimborba,915
Mom_with2boys,4929
Daphne748,2363
OccupySesameStr,3026
ilyseh,2491
triciamfoster,4469
marc_vallee,2921
DMansini,5200
KBZeese,91
NereenH,2948
iowahawkblog,1492
JimWhiteGNV,1428
i8wamu,970
BostonReview,4089
positivitycoach,1531
MillerHooks,4479
Maliheh_,4226
JAMyerson,218
nilgravity,2780
Alena29,451
OccupyRaleigh,5431
ArriannaMarie,2801
opwallstreet,3486
AJEnglish,98
transportworker,5407
OccupyMN,3871
pollbuster,3168
lisarein,5159
AnonMassEcho,965
Tony_Tracy,388
dmsdq,2906
Thaumusdance,4589
YourLeftSock,1451
Jesus_Rage,1002
Activism101,1916
Bay_Native,5196
thev0ice_,173
ShelbyRadcliffe,4408
nagoul1,164
eperlste,3010
OccupyHeartSt,4747
ctizzie,4507
ZachTElkins,1485
loveandfriction,1587
Ryan_Konky,4231
guardian_world,4028
FabulousThomasJ,2937
myopicfriend,2080
riseupcanada,1854
canadada,2335
zzzbam1,4387
Idiotbackwards,2757
sunny_hundal,384
ThreatPromise,3733
op_light_house,1889
dkmason1,1648
JeedBe,3966
dante21net,2377
AllAboutHelp,662
setv,2327
buzzflash,1850
jbnc11,4388
commsadviser,4448
adrian_parsons,4313
bombecerise,2688
neuteronomy,713
progressiveup,5188
oceanshaman,555
earthspeakorg,1463
rpasillas,3303
TeaConservative,4937
Imlostinwyoming,16
MyShirtSucks,878
Anon_is_you,1994
tprcrdr,4115
tycoonsteamers,4838
WNBADC,938
MatySoul,1112
TheMaryMaxine,5179
Liligi,1938
dvnix,4010
robdelaney,1393
TTSCanada,3105
rattlecans,332
HesSoPhamous,838
OccupyIreland,1317
AylaRevolution,4391
PFailBlog,1127
TWULocal100,4337
4closureFraud,3427
SammyN90,4453
TheYouthRevolut,4830
TheSocialCMO,4031
rickyspitfire,801
NeonOwlArmy,3538
velvetverbosity,4458
Jean_ie,969
LauraNo,1941
OccupyMemphis,3858
TheBookVlogger,2657
MGAMInc,2940
djjohnso,2530
occupy32,4695
kasekaiserina,3942
Marmel,700
Occupy401K,1646
micahbales,1494
wiscwoman,3315
markymark7717,1453
OccupyBham,2224
theriotisover,4714
mlwinatl,2498
HostBryan,3193
OccupyAVL,5219
viscous_rumors,971
TheGeo35,3169
DesmoNYCLMT,4974
Beast1333,1770
danwibg,5049
AnonPhenom,1403
DanBigras,407
NEFreedomRide,1866
BobFertik,3956
IntroToGreatnes,2733
RUBB1SH_1,987
eagle17765,1031
NancySinatra,1275
TheJosePerezJr,3302
Vampire1812,2410
FWMReporter,2737
A_ThinkingGirl,3620
CornelWest,127
Mel415,1706
TheRealDod,3909
VfreeoftheBacon,4131
CPCisProRogue,831
liposuctor,1083
FourCM,2977
MindFieldMusic,1615
LJSearles,3481
dvorsky,3933
drbluman,5259
sqeptiq,5269
Fed_up_Fed,3628
Gonz010,201
elainemelody,2376
chetcoenen,4654
nighbe,1461
OccupyAmerica,1366
EricAllenBell,28
re67u,1040
mansillo,4713
OccupyKSt,607
lksriv,4155
SeanJKerrigan,4091
ThomasRHart,687
Nougatrocity,1444
lizpelly,1190
luminanceriver,1593
nmmi_nut,2334
soundmigration,1873
en_wikinews,4184
com114natalie,1076
PACWESTAL,4938
AnthonyJCosmano,2189
anonops,92
Gtwentytwelve,4190
Korgasm2,15
lecreative,4743
mommapolitico,5390
Himmelhoney,1969
stzlyee,1058
NeoThinkTank,4175
Sloopydrew,2567
latinorebels,284
loyalrich,2027
SangyeH,601
nyprdiva,2779
mickyj999,3726
brandondud,857
Jeannie_Hartley,945
glitterscale,4468
JosephChez,1481
Elli_Louka,3437
FasTake,1968
NurseBoyStanley,2451
Exhausted99er,2391
Silver_Fawkes,2170
lautarodamato,4032
zhakespeare,2694
other98,1965
brad_howard,2885
bking47,4522
grishick,2843
brianggeorge,1777
tom19803,1382
publichealthPR,2198
chromeponyjamz,3627
jijiji27,2169
Sonja_Jo,4613
AnonMedics,1278
providesecurity,5301
JesseLaGreca,879
Seekadoo2,2069
rightnowio,1656
jdonnelly82,1472
ryan_rainey,2019
MeraSB,459
MikeMartin52,2359
Adrianchen,1253
GlobalGrind,3508
Shamethebanks,5071
WeOccupyAmerica,547
OccupyChico,4839
Gen_Anonington,725
uncutseattle,342
HeliosPhoenix,5022
irishsean5,1687
vidrohan,3483
gemswinc,145
axb21,689
lebatailleur,3928
JGChesney,321
Juliimonster,4987
killavillas,1715
KangryJJ,4494
susantellem,2941
WinstonHuxley,3675
emilie_manning,393
OOOlson,4924
LulzGh0st,3724
CharlesBivona,111
IanKath,3914
TheCeeJayLouis,120
AlanGrayson,4944
MFskyblurr,2957
OpWallStreet,61
UnionPlus,5408
MariAdkins,4599
Ann7837,1603
MzYun,3826
OccupyMpls,5337
helfeather,3333
lex_garey,5353
AlecBaldwin,3707
AnonymousPress,1140
maryfwalsh,2612
noebie,4975
plungerman,1196
ComedyMuse,4936
humanright2home,910
gennacissiee,4943
revolutionjedi,3191
LadyTrubbel,3490
rkymtnrdr,1191
formin9,371
postale,1554
No_Bozo,807
ephemeralobject,1675
ScottLucasUK,2071
angela0328,1910
ddsnorth,546
Toonaripost,2313
alikat747,1930
StarShine53,4292
FriendsOfAngelo,3987
OHbamaMama,4893
JonADeVore,2608
freestewart,3967
TylerJMoss,2264
davidwebbshow,5328
Majik_Hat,1048
Maldini_rules,1513
VAGANJA,912
thenorik,3340
authorofmystery,3066
dherics,3737
lateandsoon,4133
anon_anonz,1073
danlatorre,2163
inf0saurus,5260
thevillagegreen,1539
NightsDrkstDawn,2235
BPGulfLeak,75
AngerAlone,5000
ThomasJeffreson,537
Rima_Regas,5156
OccupyHBG,5117
Kenobi_Wan_Obi,4441
jimdigs,3848
franksting,5304
JackDeTate,5211
BreakingCopy,4724
RedRedGreen,3713
oz_f,3431
nmwdesign,3238
porsche4848,778
vivailpopolo,2728
jmboudge,4525
nahummer,2918
TheMsSybil,1264
vjt,4855
WheresOurMoney,1220
RobbieGB,1574
MrsSpaceship,4843
haymakers,4752
UnfitToPrint,476
BrainSlugs83,5450
sexythinker,1572
metgyre,4372
RickSmithShow,2284
MichelleStohr,4173
todd_elkin,4268
JeffreyFeldman,521
alphaleah,817
telecomix,3503
RedPleb,5209
TheBradBlog,1762
bebird,2525
nwohashtag,2318
Pluto88,2882
mashable,4163
LadyeLynx,1915
Net_Anon,1166
HnstyNgov,4927
NaomiAKlein,119
Activist,4716
daweiner,4553
Demos_Org,1179
notorioushmv,4467
PennyRed,176
danverg,1602
P0TUS,5077
jljacobson,4318
ManyPaths,461
PyreBorn,187
shamantrixx,1312
champura,2698
x7o,5317
Art_Guy1,301
GulagBound,841
Anoniswedie,1049
DanRatherReport,3876
SmithMillCreek,4610
AgeofMastery,1415
miketinte,3514
KatyinIndy,4288
annatw,4412
bobjutsu,2385
WorkInAnOffice,2837
JskaGon,225
Darrel1988,396
Dubhuidhe,765
ScarboroughBred,1368
mattsdp,4137
BrotherAustin,1958
RobDylanWood,1118
djawtkazt,3039
tbcyenom,2514
350,367
kprosen,178
ShapeShifter43,3341
NateBear,2101
calebjswartz,4406
Mayssia,3878
perthtones,270
NervyBastard,5422
NoBigGovDuh,1039
punkcurmudgeon,2118
wilw,422
Twitlertwit,2125
breaking,1768
OccupyMusic,5091
ShirleyJahad,3696
missjulilb,3936
FatChickinLA,5369
TRKlomp,4876
TheBedKeeper,2002
squidmeat,2707
erinerb,1081
ElizabethJone18,253
artofandres,4535
wickeddollz,2923
OccupyHomes,4959
greenfairymouse,2817
Movement4Truth,3004
Taladrea,4633
juventudsin,2434
lampshades486,3038
femmekatz,820
SierraRebel,18
Bryan6666,1548
OccupyMA,3235
chompie97,2054
GloriaJDenson,2695
majestad,5239
energyaction,4711
MelissaSGraves,4003
bro_jeremiah,3747
andrewchappelle,2399
billieraven,2282
Serpentine202,244
Kilgoar,1739
amybluesky,3251
nybe,1436
McBlondeLand,2822
Vickie627,3760
WhatsTrending,4466
xxDianeMariexx,346
existentialfish,5256
greenearthbazar,2122
goodmenproject,4020
DanielaStewart5,3162
USDayofRageTX,3811
dkorten,4164
ldraxx,4781
steveannear,4116
climatebrad,703
TheZeke74,4349
VoiceFromLeft,4928
oHazZex,2217
stevesmithis,2700
CitySearcher,1079
marlawoffice,304
ioerror,649
anarchists,3843
DrivenPolitics,3769
josemurilo,4004
Anon1550,1896
LiviApplebum,2746
mermaidsrcsluts,136
spsenski,592
Taurus_Workwear,806
TehGreatGonzo,2985
RecklessScholar,3593
Afrotonomy,5360
MadYellowDog,2854
Tao23,3694
occupy_slc,2433
RawStory,1343
QuestionMarcs,1097
The_Good_Lord,3055
cbrangel,1506
johnmgreaves,2547
David0Monroe,3099
ImNotScotWalker,1881
halfwayhip,3401
Grracy,4958
laurapcd1,768
bluetouff,4587
lauriemcf,4619
7WhiteRabbits,3891
theytookmyjerb,885
josheidelson,650
TakeWallStreet,186
AnonPower,5241
Rooj129,3090
derkaisermike,1689
t_sheree,4368
CelluloidBlonde,554
siserief,5373
C4L_R3VOLUTION,3444
PACmenDotOrg,484
Bizinuez,1116
TruthSquadTV,3367
JuiceRapNews,132
PaulNoyola,3310
joel_bmf,4567
HeyJude408,3643
KrystieLYandoli,3442
mrbenz7,2935
UncleFishbits,1479
AminiHerbals,5006
GregMitch,2490
OccupyAmplify,1744
radioreference,5315
acetweets24,3623
stevegarfield,5332
Tangram100,4132
starZship,1087
Yago32,49
maxberger,5161
tweethead,4015
cee_skwared,3479
TawniVixen,4070
JustAmira,1697
PBS,4910
jilliancyork,2611
Occupy_Tweets,5287
2complex2know,79
Justance,3689
twittelator,1003
RandallfrmTempe,3699
CesarSiroco,50
thegenai,4885
JoyLynskey,4969
firstbloodrules,2855
DhaniBagels,166
helenlewis,4549
reblesocal,2631
anathematas,3533
julito77,2413
RobJRII,1256
MaggNesium,4584
jsmanuel,5321
r_canaan,2196
firmmother,249
Yarrowworld,5145
obeymyobama,705
willradik,440
reclaimuc,2770
Frankie7500,2637
Pat67B,4844
laynemarie,1420
valeriobrl,2641
smithj413,809
USDayofRageFL,1271
jeffjarvis,609
RexPost31,3605
truthwisdomlove,1143
TurboKitty,873
SCalaisS,5396
davidgraeber,2603
ispotify1,2581
Reuters,1752
Rhaj_the_wonder,2315
Abuomak,3719
BrandonByers,2978
maestevens,4096
ciphersankofa,2970
AndrewPSully,4611
cheewizz,1051
OneLiberalGirl,4886
JoelStevenCoon,3939
dredeyedick,73
deniseromano,55
reubenesp,2120
lulusgirl888,1964
Alexanderillner,5095
anontana,2212
EthernetTV,3685
BarefootDancin,4513
sarikro,812
_MROD3_,4488
n23mc,5116
JohnMFlores,2806
MelissaLopata,4833
kofi_annanomous,530
insight911,5081
tavissmiley,4528
MsCBSoxy,3029
SubVidaDiva,4011
PoliticsReSpun,3519
carlazanoni,1713
Iwilloccupy,2615
EgyptEagle,943
elargonautajpl,5178
citizen_politic,2020
HelmersPayne,34
MissZsuzsiG,3130
yasmineryan,4332
MrBoomshanka,2922
AshleyJordan235,3988
antisectarian,200
MitchellBard,610
ALBDamn,4203
BrandonTXNeely,1766
AACina,184
MyJamboEvilTwin,2577
reggie501,5193
TGBranfaltJr,3416
shesanightowl,4464
iRevolt,5314
LtCheeseWhiz,3732
america_q,2738
DOJvDARIEN,180
TeamsterNation,86
WebberZh,123
crloftin,4216
AnonAustria,5343
GiraffMatheson,4289
jenlindner,138
marygkosta,1124
HamidAlizadeh88,4509
OccupyPics,567
yodasworld,4249
craftyme25,2092
OccupyATXMedia,2754
geeoharee,5411
cherrytreecig,602
EvanExists,3248
TomUsher,1667
Ade1a,4903
UmarFarooq_,2886
slone,1272
mcduh,1429
bwreed,2178
thethingsitdoes,172
BarbaraRacek,2067
YadiraGarrett,1874
HumaneHalifax,2102
NeffKen,4404
Non__Person,2307
revertnabil,2703
RestoreDemoc,3908
Semishark,5235
GavinMBarber,4968
EdNDeb4858,2275
canyonrat,3098
iamgrantsnyder,1913
sharifkouddous,4335
The99Pct,419
KathyAngel2,4638
DrMatthew,5415
UnionMargot,3348
davidkozin,3247
JaymEsch,1576
StruggleMonster,1489
jcook818,9
ducttape_87,1069
kcowyo,786
AllBackHome,3035
agreatbigcity,112
jtanglewood76,1270
TheAdvocateMag,2471
sfappeal,3291
occupyportland,2070
HailGalvatron,956
OxbloodRuffin,3369
fanatic_fig,1526
tamsinchan,975
sean_tiernan,1894
aminbahrain,4334
SvenStraatveit,3137
Lindygeek,5109
RCHashingLetras,4
chrisrusak,4923
unemployedarmy,1066
djpranksta,3019
shaunasmo,2306
gdnpoliticswire,3958
a2gurl,509
DC_Camp,4815
greenistweet,4789
azjimdaniels,4952
piersmorgan,3493
TshirtToby,4666
sp00kofTEHlulz,1239
cb98678,3219
Maggie4Obama,336
alwallis84,2774
bricelaurent,2326
Break1_9,2186
shwaydogg2,4672
thecaitsith,724
Greasedog25,4909
JoeSmithSDK,1657
OccupyReno,1339
MicheleHappy1,101
OmniActivists,3880
WhyWeLoveGreen,4583
ckmcdonough,597
annierag,1433
classysexybossy,3063
kurt_loder,1761
erik_oswald,4973
m0nicam0nster,2546
99Brett,4303
hwyst4r,835
GrowGaia,1448
quasimado,2236
Anon_Support,480
pdberger,2379
iyad_elbaghdadi,1263
ASBC1,248
jcelia,1963
SeanArther,1267
codepinkalert,636
Meryl333,3587
whirlyshirly,4390
nycrevmedia,571
BNEWATER,2866
byrdforchange,2541
nafis_h,4784
shannona_smith,5089
Canarycall,4212
MsMauGonzalez,2785
HowFreeAmI,3005
miaomeow,3887
JWright99,1788
sandinbrick,4217
indojunk92,5015
aNOLAmous,1117
amaeryllis,262
Think_Clear,1608
OccupyCanton,2442
falco_555,1570
V934,3900
OdedMarer,5307
After_OWS,4651
abditum,1411
artman57,2373
current,1376
linnyitssn,2390
Hive_Five,5052
commondreams,1200
A_Lambillion,3853
amandacarpenter,3746
BrindisMom,1186
elizaj,5005
steveweinstein,3765
AnonsOccupation,2024
TheAmbivalante,3095
SalmanRushdie,2504
npbat,4949
OccupyMichigan,766
AaronIsntEdge,3743
Felesar,3581
zstarmac,4195
JC_Christian,4478
jeffreznik,3524
TriniPoetess,3328
NOTBLOODFOROIL,2626
NBCNews,4079
Little_Sista_,673
FoxxiLiberal,1580
Jack6Rider9,5361
TakeWallStProp,570
LenaRenee1021,3831
prototype2118,5394
RCdeWinter,3607
empyreanwind,1692
macfathom,916
Mugwumpie,3856
Jeffersonians,80
carsonblume,2010
winninghelix,2994
MaryxJane420,3079
OccupyTogether,767
TheRealRoseanne,4183
raypride,5098
keepheaux,5331
jackhutton,2052
WarOnErrorDKos,261
MrAmericaFTW,255
Figueroooa,366
sense_oar_sheep,1129
coffeepartyprog,1966
NationalNurses,624
pixplz,1352
samsero,1441
ales_kot,5299
AnonymousCenter,340
GeorgieBC,1830
BrianDCrouse,2638
DKForTheAnimals,2825
kawaiimanko,744
OccupyMCR,5018
SamSeder,25
WyoAnon,3122
PA_ESR,1383
Seana1991,861
awdiversity,5036
takerihsehc,4201
josh_lederman,4726
OccupyLasVegas,2759
marmarzilla,2846
seedsteve,2933
kwright39,1649
BeardedButler,3750
EmilyABC,2474
flyingmonkeyair,109
KagroX,618
commentkaren,2454
CheersToYou,2017
Theresthatbear,5157
ChemicallyAAT,2881
jwwr,5060
blumenthal5,1086
BaileyMcC,1720
evanchill,1791
birgittaj,1456
DonzThaDon,1887
lardg,2515
nicolesandler,2314
55Bentley,1144
USMCBoonieRat,4992
AnnieAngst,4459
debhammacher,3917
Uneditedcamera,612
Sypha0x,4940
davedillon,1488
JSMartinII,3190
bluecheddar1,576
andysmart777,569
anonlgrisback,1427
TightButtons,4053
DennisLane,3972
NYPDScum,968
soniabouzas,4828
dskvr,2606
SesshaBatto,3868
Lazylady1,2936
AntiSec_,134
southsouth,702
kenyagoreebell,3865
KICalifornia,3573
Will_I_Am_Em,4754
Badgers_Rebel,658
azmoderate,3159
BelleStarr21445,4890
cellomike,3899
nyctimesup,4634
mjdub,5374
ChelseaStarrLA,1778
grimwomyn,281
apls452,2283
phidippides26,4160
LOLGOP,1242
Hitchitch,1579
JesseVigil,858
DubMasterC,1341
dylanjohnson32,4238
oopsieee,300
RodRollins,2739
JMartinHA,5204
E3d90,2016
LunarDisc0,3088
FusEldar,3567
indieobserver,1914
bushdenise,1465
brit_newsman,3792
stevebarg,4394
tgcon,2833
OccupyNashville,890
sorsar2011,2535
alfayek,4827
djsarahspin,4722
kasthomas,1543
kitson,3017
KNDEA,364
occupyWallStNYC,4144
brandworkers,1478
MissRedy,2828
maddiet5,3823
shaythem,2925
FreedomNow2011,328
DebbyBruck,1261
AlanColmes,4244
Lilikoi_Girl,3904
efleischer,2709
BUCultureShock,3242
C0d3Fr0sty,245
DScoutmoney,2000
MELEWEB2,1575
ANationOfSheep,2995
WePartyPatriots,584
MarkVondrasek,2951
manderso_,1558
EileenLeft,1946
DavaMarieO,2668
FrankieTease,1450
anonTheVille,4101
NOtheoriesHERE,4214
mvanheiden,1616
kenshouse57,4862
tbunner,2884
BrassNucklez,5035
care_esq,2758
occupytheclinic,3477
EWDolan,3896
OccupyForever,2164
mobilemaui,3945
WeirdLoadNation,2338
mia_farrow,1955
Imiel_Visser,1908
stylefiveoh,2847
changpiece,4134
Kayla_Harvey,3884
nigelcameron,2849
TheOther99,70
heliotrope77,2098
MayorNickHart,795
Z_Egyptian,1893
zebrafinch,5237
justforkicks_46,1828
TheRealJerryH,3462
harminfo,3495
Christothefer,1473
alyceobvious,4087
EbonyDawnMarsh,3336
SharifKhanBooks,4109
get_enlightened,415
SiriusNews_com,5364
GoldieAZ,5430
ratsavage,215
thepete,4832
db_s_turbosnail,836
Korgasm_,11
nicknicemadison,595
occupywallst,1
67_Shadow,338
lvleph,1018
zeoligirl,3275
Lisa_Lockwood,1836
English103,1367
JustAskDonna,3709
buffalogeek,2404
bitcoinmedia,1842
allanbrauer,4065
AeonStrategies,4275
InfinityCircle,1985
CarlosQC,1871
Socialism4USA,5224
canativeobt,4956
TeamsterPower,5334
TheEconomist,3436
AnalizeThis,324
Julia_Aloft,3687
pmocek,1255
HobieAnthony,2889
OxygenLynne,1224
RaptorJesus101,3877
rjoyson,1618
anonymiss8,1712
Tim_Eastman,1693
MajorLizUSA,3775
tylerkingkade,1639
aots,133
Purplegrass,296
LadybugJennlee,2665
OccuPython,3459
Shhh527,4333
TammieNelson71,2032
NewAgeAlchemist,1219
NixiFitz,5102
CannabisCureUK,5268
ciradecastillo,2831
ItsSeema,259
BlackCanseco,2423
SawHung,2557
Stopefinaround,2214
_McStephen_,3793
DaughterZhivago,5252
DJShay12,4024
alaskaRP,3801
morgfair,4105
Steve_Katz,3860
cynthiaboaz,1522
FakeRobHunter,3217
RobAnaVsBofA,5175
sscoop4,330
crooksandliars,3564
dcmDailyGroup,5298
OccupyRiverside,4774
RevolutionChan,1666
manish21,163
d_incurable,3080
Bayofrage,3298
HeavenLeeOps,3513
CatwomanZA,2593
TeacherWarrior,2629
dawgkat,3757
miotactics,1237
Countercurrents,3821
BuzzFeed,3384
GenevieveFlight,4588
ARTIESWORLD,3582
maureendutton1,2628
MatijaKapic,1404
DaynaReggero,5061
deepereyes,2986
globalrev,3173
NotHosniMubarak,2597
mattmdiaz,5142
TheDrakenKorin,754
VFW_Vet,1637
mahology,2583
UnaSpenser,1799
hataroni,4653
LannersPub,3270
MirelaMonte,1708
boffchops,1514
datinktank,4350
sambowne,5319
saltyfem,708
eeepee,4537
bcclist,1595
MoralOutrage1,3044
flpantherdefndr,2893
KrisMonk,2975
DavidNC,4687
HuffPostNY,4246
seksi,2395
simplyShervin,3036
bennettxii,2690
cThreepio,1063
SnarfSnarfAK,3873
NYCityMama,3387
aewells,198
geostorm71,2234
chewiechomp,3601
AFDIT,4213
idrobinhood,1056
anglerstar,4221
DerekCressman,1859
QuitterEsq,3837
wl_central,1123
Oryx2046,617
jenn976,4108
jodicanary0501,5397
genjunky,1681
OccupyPyongyang,511
scanlonrobert,1447
SGardinier,3931
LumiCelestial,3851
CoyoteSings,3580
12160mhz,1920
Kibblet,1638
cy_guevara,4432
OccupyAnonly,4643
MikePrysner,1718
OccupyAdelaide,4664
MarkGerard,2425
andig88,3051
joelgvt,4456
filmgirl14,2919
Liberationtech,3542
justinwedes,928
EmergentCulture,3517
TrashTheLeft,2887
CranksJenn,979
ggreenwald,908
MaryRocco,3819
Cogneclecticism,1387
kgilnack,2286
EC_Tune,3071
Benzinga,5058
realityin2011,5383
spk22,2156
omfjallen,808
JDanLavielle,5148
Bike_at_W4,299
frankejames,1733
RollingStone,2497
ChoDef,4644
jennasauers,833
mrfreight,21
quicklikerodly,4492
CounselorCarol1,1590
Glenn_Aum,5420
A4M_Shop,3454
nydailynews,540
TakeTheSquareWI,573
Contact_Brewer,5295
SaveBradley,1177
TUSK81,4054
LukeSkywalkker,290
davidsess,224
surferjoe2020,377
ProHemp,5312
dstarwriter59,2732
tibettruth,3749
StevenDBT,1353
Tyger_Bryte,3334
OccupyNorman_OU,5122
heykerrieannn,341
pornstarjanitor,3360
smokkingturtle,4481
OccupyDallasCOS,867
Glossology,1410
daviday,4518
OccupyWall,3085
evilmatthew,2654
mrbarnard1,2797
rekha6,2901
TheLAScene,5135
tamikenn57,2360
ZCigar,4932
JackalAnon,986
ASilNY,4544
samikishawi,2393
cefortes,3971
kouroshf,351
theredpillpusha,1944
Walking_Buddah,2536
cshirky,563
sdcalifornia14,5029
sam_hossler,2520
murphyjs,2687
jenwdragon,2860
smacknrat,3818
LALabor,1647
zbleumoon,1164
Ratterdam,2896
devans00,1294
ianthealy,3027
70ms,4755
EatingMyPeas,1487
Mary_Kat,3263
Tom_Sacrifice,481
AlbqBonita,2686
mimsicality,2987
marco_iO9,2354
sfxmaven,903
ASE,982
Miss_Liberty718,5205
all_a_twitt_r,4874
skomputer,2582
liz_rex9,1231
PotterEwald,4112
seeingfurther,5270
Ron_Woodward,4228
BiffSpliff,742
matthatt,4147
ctmommy,1440
yomutra,2107
northnodes,4636
mood4amelody,2858
OldDog_1946,2990
rrrrode,2218
foomeister,3761
Teddy2500,1923
BenForsaken,4983
beatitudes,3619
OccupyWpg,5119
itwas1ofthem,5410
noelhefele,2790
LizLemonCologne,404
dngeldark,2594
rebeccalipe,1990
freddelmer,2929
jaraparilla,3439
JoshHarkinson,226
AnnCurry,5375
hunterw,2598
aintdeadyet005,758
annaironside,646
dbuscemi1949,468
Giggacoaster305,2647
Carol85719,4266
hippodamos,604
TimJTynan,1168
uuplanet,5118
carnivillain,2351
jasminepw,3585
DreKor,635
djcnorwich,329
glacial_till,2814
sdpdx,5173
NYC_GA,140
curiouscliche,1933
katemckinnon,3925
theArcher77,2038
awatsonphoto,4117
lwdgrfx,2272
madgeical,4904
twitrbugs,2689
stewartalexj,3466
bori_214,1906
sindad1,2003
DeepFriedButtah,1371
TCorp,3667
hotdogday,3067
TheTranshuman,2034
jchernandezjazz,1329
PirateWench,210
john95959,906
TrainwreckDotME,2966
beniquezDJ,94
OccupyVermont,3693
OccupyCOMO,2401
sharpcrayon,4206
OccupyForChange,586
noapplejuice,2753
trishkahle,2718
michaelwhitney,2460
Penny_G,4693
SharedMediaCoop,5140
strummerisms,2705
WeRMassMedia,2735
belluspoena,1262
musicisfreenow,4029
ronpaul2012ftw,1509
timlohrentz,2415
LupeFiasco,240
jayrosen_nyu,434
LotusCan2,3223
nNomad_,4021
Team99percent,2131
OccupySR,3796
AlexLFz,1821
DrEthan725,1837
dmwatchdog,3138
sparrowmedia,2150
extremejacob,3327
rowdiman,2330
rkl2195,158
tweetingdonal,4452
joshsternberg,3634
dccc,3892
nofrills,4581
AlisonOmens,654
StKonrath,4538
occupyadam,2048
mtracey,2278
AnonReboot,3414
x_serif,5228
thedailybeast,2483
LeslieMostrup,3771
Mattison,2005
OccupyGlobally,159
BrainTrack,386
RedRobina,2058
EcoInternet,353
thegarance,1105
iKarlae,5028
matmcdermott,23
twtrgtr,4128
WIIndependent,3274
TAFORU,3146
policeleak,310
aaroncynic,3001
robinsage,294
ninguna,632
juliarosen,5124
Tosfm,285
VDBZZ,3907
ArshienAulryk,3655
OccupyAustin,1860
TracyLeigh10,670
xxxTigerxxx,1817
Ivanroberson,501
24AheadDotCom,1391
freesouljah,4451
brflux,3545
OccupyDublin,231
srb2245,4233
atodahm,2362
dangillmor,1729
NurseAgita,3521
USGeneralStrike,2320
WeAreRosie,1495
heatherleroy,3741
donna816,1500
PalinCellulite,2290
whoopingcough,5033
BiellaColeman,1149
NYC8539266,5123
dedangelo,3898
macartisan,2165
jesseluna,1300
USUBENI,5073
XMitchell,1682
eppleyca,205
angelsavant,38
DC_Douglas,899
mightygodking,1248
Psychemeleon,2662
Mad_Vince,4945
creamblog,2009
Hicksfilosopher,983
motherjuggs,47
growinglotus,802
BallerinaX,2084
AndrewHartwell,4194
rabbitholemedia,1228
browneyedgirl65,1756
CausaJusta1,3296
AngryKurker,1597
BudDha_PuNk,2809
Mannina_,4880
PierreZeitgeist,1138
der_bluthund,3798
ianjohnsa,4593
slagkill,453
wvmtngrl07,1260
Patymo,2135
Dutch_Cookie,3069
KforKallisti,1029
kjtten,233
GaeMar01,4223
OccupyGalway,2421
usahitman_com,4888
BrianSteffen,5310
Hoggecipher,3528
SmithSofia,4329
spirefly,3681
austingst,1546
zachamo,2934
edcetera,1421
ShemShemmingan,3494
mcsole,3266
thomascaudill,909
medical071,1750
ageneralmalaise,1493
Mickeleh,5213
Andrew_S_Martin,577
charlesdavis84,2458
johnknefel,2450
jodmentum,1165
OccupyDallas,316
UAW,5443
RX7Madman,1288
freedommantra,4541
GaylePrice,2640
globalgreenusa,4776
capecodgurl,2187
HuffPostSF,5104
JoyceChinPhoto,4561
AnonyPatriot,1280
wikinukes,1211
richardgluck,1974
Hana_Zuhair,5182
ACLU_Mass,718
worckcalb,1741
kalpazan1,3178
OccupySD,3050
twowisegals,3111
KristopherR,65
SmokingBeatz,4895
AnonyOps_,1359
BadSkillz,2508
Rod_McCallum,3840
federicacocco,4514
azannaphx,1945
hadearkandil,194
Maggyw519,2144
GBNYChange,2346
WikileaksTruck,5385
2NewEarthRising,3629
SFitall,3272
xenijardin,3632
Oregonemom,3611
Lesism,85
rawstory,4659
PandP_Bateman,3352
BekimUkperaj,1589
scrapio,3166
chetjlfour,4580
taliahagerty,5357
the_wanlorn,4782
Dir_Ayon,3283
redlistradio,1354
MsAlwaysDancing,489
AngryVoters,1610
occupyUC,3684
metaquest,4072
villagevoice,1749
RevShakes,818
an0nyc,1285
macrogramz,2552
SustainablDylan,5367
iduncan,4218
yogawithalicia,5078
DrinkBeerN0tTea,2254
sigmabetatooth,4872
skeeloco,4705
admiralmpj,4068
hyp3rcrav3,1082
Michelle9647,3591
JoshLoucks,1664
corymccray,3768
williamzvelasco,1311
AnonNewsWorld,5025
CompendiumCraft,923
Free0Radical,5438
pamelaezell,3116
Z_Egyptian_7,1939
Jenime,3912
Z_Egyptian1,2559
BrknSdwlkFrm,3549
fiascostreeteam,482
Raslin,5069
peteshelly,5063
themerker,3250
BiolArtist,4930
Banzai_Buckaroo,2997
MitchHurley,3852
Indigenous_Rage,1277
CharlesMBlow,2459
StopCorpoBucks,3977
DTLAL,3254
Roc_Cayard,4911
DaHaFa,3758
catawu,872
OccupyTV,985
verginus,2677
IggITheJamaican,4365
253CanuckFan,3322
won_haeng,2533
lord_belial666,443
HarlequinGirl07,2658
b488,3729
resnikoff,2293
JKWalsh80,3820
AndrewGatto,4273
Starseed52,1775
akikoichi,3112
adamodepax,2805
Chevyguyss,2524
matttammar,2128
US_JUST,1425
oakparkres,1175
HalaGorani,3595
chuckprocter,4171
confoundedest,2485
drivenpolitics,4542
stellablu122,3170
charyl,1652
dpoignon,4320
00Sleepy,4690
shanaheartsu,3325
tahiriqbal,2850
AWiseLatina,1504
k_l_h_j,4764
bagelche,1571
Benjamin_Flex,4798
An0nylulz,1282
zeitonline,1804
Casslibinvegas,3712
GoShif,5348
Pot4Prosperity,3488
drew3ooo,3499
aPolishgirl,3948
___BreakingNews,2274
occupyitnews,3284
CoreyCW,3324
herbiv0re,4623
athenaqui,4097
redglitterx,4340
stfudvs,3374
caribnews,1959
PAgainstTorture,4366
MorningQuickie,2046
galacticasitrep,2971
professorkim,2412
daffodil1209,2221
Elana_Brooklyn,2281
PWeiskel08,363
lifetechwizard,2331
repdonnaedwards,4042
TheInDecider,3543
OccupyVictoria,144
KevinCentlivre,354
patticar,3770
Bosrunner,710
Peary85,1929
Floridaline,5341
devin_pena,2243
MerlynMagus,716
civicallyminded,4455
rcrsv,5087
dandhicks,334
ShazzMack,4806
perdonamepadre,3502
headhntr,1736
erinruberry,1565
WLLegal,236
OccupyThis_Info,2239
PhilCatelinet,4339
krankyPanz,3306
OccupySallieMae,1627
deuxel,211
Carnegro,783
kallou22,4192
CBGProductions,2226
Lucid_Jream,2512
only_positivity,390
LMCinder,773
RT_com,605
OccupiedWSJ,1014
Jazziette,2109
TreeHugger,3722
LiamBlank,2749
randiradio,1357
Tymlee,955
WTFrROMPERS,4600
peterrothberg,2473
Glinner,4374
FromTulsa,4274
FINALLEVEL,4914
kavalierism,1108
SeedBomz4Change,3189
USDayofRage,220
OccupyAtl,1705
chezzasf,4205
drdigipol,925
_ccm,2132
bottomupmind,3485
connellycs,2890
nyclu,89
julesruby,1725
anonyops,3358
DifferentD17,2661
USAnonymous,1207
Verilliance,3192
AlexanderChow,4771
OccupySF,513
ilovemytroops,3680
maddow,4067
MikePBlanchard,4801
Kristenpinksig,2692
Steffikeith,2262
CRedstone,5090
