aimhigh2400,3
Korgasm2,3
lollardy,3
adamhudson5,3
mgouldwartofsky,3
Lolis02,3
CarpenterLabs,3
Leoslaire,3
ari_WISCslob,3
AnonSikko,3
spanishNY,3
OccupyVictoria,3
ash_anderson,3
SpeciesLvlThink,3
SherryTalksBack,3
renesugar,3
timoreilly,3
PyreBorn,3
UNACPeace,3
egilleland,3
eppleyca,3
PirateWench,3
jessradio,3
nicolerrabbit,3
PhilBildner,3
A11_Seeing_Eye,3
Anon_Eire,3
chaztv,3
RebelCapitalist,3
NodeDog,3
Art_Guy1,3
bcampbellauthor,3
loveLoveLOVE444,3
ClaireStahl,3
BoomBrusher,3
pHinkasaurus,3
KevinCentlivre,3
KenWWilliamson,3
KNDEA,3
Figueroooa,3
formin9,3
Tony_Tracy,3
only_positivity,3
emilie_manning,3
NoelConfidence,3
anarchival,3
ValCleveland,3
miriksmit,3
kristengwynne,3
MediaExposedDay,3
wilw,3
HappyExhaustion,3
ReverendSue,3
Truthdig,3
willradik,3
BardOfEarth,3
adpucci,3
oldforests,3
AlterPolitics,3
StCyrlyMe2,3
jessieopie,3
Tom_Sacrifice,3
Aine,3
americablog,3
OccupyPyongyang,3
h4x0r3d,3
krucoff,3
tomwatson,3
wwjimd,3
meglanker,3
bluecheddar1,3
OdysseasKing,3
suiteheart,3
HarryWaisbren,3
mariannesp,3
KagroX,3
ezraklein,3
NationalNurses,3
BigMoe_,3
josheidelson,3
TanyaKeith,3
Karoli,3
AnonyMissBadger,3
ChrisDStedman,3
NewYorker,3
freelance1m,3
johnnywrenn,3
lagentestamale,3
Spider_Mowgli,3
MickeyFu,3
GuerillaMonk,3
DarylLang,3
OccupyMichigan,3
OccupyTogether,3
WardBeale,3
dkt_rs,3
LMCinder,3
OccupyEarth,3
promethearx,3
kpaulmedia,3
LMCindi,3
jennasauers,3
EzKool,3
StateFarmSucks5,3
JavaWinters,3
catawu,3
amNewYork,3
sir_younis,3
DanFitzsimmons,3
wesupportoccupy,3
WNBADC,3
srjones66,3
ReidErickson,3
numberV1,3
JackalAnon,3
MilitantNews,3
Gothamist,3
sillymickel,3
OccupyCNN,3
StopFOX,3
Tigressreow,3
GarrettQuinn,3
NoBigGovDuh,3
re67u,3
monkeyofdarknes,3
akrockefeller,3
wolfkitten,3
MariaLiaCalvo,3
mayavision2012,3
OpPinkPower,3
linhar,3
Trutherton,3
aNOLAmous,3
BMKR92,3
wl_central,3
PFailBlog,3
PierreZeitgeist,3
QueerjohnPA,3
zbleumoon,3
TimJTynan,3
Anonyphant,3
Demos_Org,3
momonpatrol,3
BrindisMom,3
rkymtnrdr,3
plungerman,3
maxkeiser,3
geoff9cow,3
ProtestInTheUSA,3
wikinukes,3
Earth_Shepherd,3
GaianCollective,3
gbatuyong,3
michaelskolnik,3
wvmtngrl07,3
satchimon,3
rcooley123,3
AnonNewsDE,3
haloefekti,3
JordanBertram,3
OccupyIreland,3
jajwouters,3
OccupyCanada,3
k_m_allan,3
jchernandezjazz,3
LINUXterrorist,3
revbillytalen,3
randiradio,3
AnonyOps_,3
venice4change,3
im1013,3
OccupyToronto,3
feralbritain,3
AlohaEvery1,3
current,3
JeromeRoos,3
JasPrinn,3
roya4la,3
anonlgrisback,3
nybe,3
samsero,3
GrowGaia,3
FrankieTease,3
mrvonh,3
andiemer,3
USuncutBOS,3
ronpaul2012ftw,3
boffchops,3
fanatic_fig,3
danielhewitt,3
nancykric,3
OccupySB,3
Steven_Macchia,3
OccupyWV,3
JillEBond,3
JackHart67,3
jaycamikenGL,3
KremlinHotline,3
kwright39,3
SirLoinn,3
JoshLoucks,3
acronymGAB,3
PJDoe,3
dhatfield,3
gregoryfoster,3
killavillas,3
MikePrysner,3
melissaswebster,3
tiffanihillin,3
RichardKimNYC,3
brookejarvis,3
kleinjos,3
PhoOnTheGround,3
ChelseaStarrLA,3
rj_gallagher,3
BoH19,3
Zoocritter,3
PRDJournal,3
GeorgieBC,3
Arasmus,3
buzzflash,3
SolnovaStudios,3
99PercentParty,3
DivineIrony,3
mia_farrow,3
yagbebi,3
Sannri,3
JohnDickson00,3
TheRiverWanders,3
Ian_Fraser,3
christinaboyle,3
LOrion,3
MODERN1ST,3
plantgirl1958,3
BallerinaX,3
jkarsh,3
LibertyBelle4,3
Twitlertwit,3
Team99percent,3
welchem89,3
One_BryantLogan,3
Unillustrated,3
unemployed_mass,3
proudlib2,3
anontana,3
OccupyBham,3
WeAllOccupy,3
Shiftinthinking,3
reneeroman300,3
studystove,3
altepper,3
DrinkBeerN0tTea,3
lwdgrfx,3
EdNDeb4858,3
MiltShook,3
jazgar,3
SocialistViews,3
primeeconomics,3
ioccupy,3
setv,3
WeirdLoadNation,3
simoncowart,3
muttmutt,3
RaysFH,3
rudepundit,3
dani1moore,3
Occupy_Freedom,3
LeftBehind_CNY,3
OccupyGRmedia,3
ProtChaplainNYC,3
IsCool,3
NidaKhanNY,3
KevDGrussing,3
OldCrazyRay,3
CNNLive,3
GregMitch,3
leeand00,3
Sloopydrew,3
PsteinND,3
davidgraeber,3
zymotic_heart,3
PlaidState,3
LadybugJennlee,3
americankush,3
sarahelabance,3
McBlondeLand,3
NanaSilvergrim,3
reenasharmaaa,3
OldDog_1946,3
ProzacZombie,3
TTSCanada,3
HuggyBear116,3
OccupyComms,3
nika7k,3
Sara723,3
CircleCityStyle,3
revolutionjedi,3
panda317,3
jandroid,3
Ascension_News,3
pornstarjanitor,3
OccupyParis,3
marcoiacoboni,3
BuzzFeed,3
zeta32,3
jaraparilla,3
ACLU,3
LifesPoser,3
jherwatt,3
ShemShemmingan,3
harminfo,3
GlobalGrind,3
CassProphet,3
WendyStankevich,3
ThinkTwiceRadio,3
punkenpirate,3
HollyOrd,3
crooksandliars,3
Cocoxochitl,3
malcolmjackson,3
JennieWalker,3
Political_Bill,3
Fed_up_Fed,3
2NewEarthRising,3
ArshienAulryk,3
purplehullpea,3
ProgressPAC,3
ilovemytroops,3
Joyce_Russell,3
mrmikedelarocha,3
AlecBaldwin,3
Hasikic,3
steveweinstein,3
khephir,3
maddiet5,3
2centRant,3
Jason_Pollock,3
MitchHurley,3
Adenovir,3
OccupyMN,3
MadSciKat,3
BobFertik,3
leadwoauthority,3
cefortes,3
DennisLane,3
Tokyo_Tom,3
critmasspanic,3
watergatesummer,3
tinadupuy,3
TarSandsAction,3
mashable,3
feskone,3
HuffPostNY,3
areallycc,3
Mercypolitics,3
greenthumbnails,3
quicklikerodly,3
OccupyKC,3
saintpaul007,3
Occupy_OKC,3
all_a_twitt_r,3
mrfreight,4
Liam_Fox,4
motherjuggs,4
KristopherR,4
P2Action,4
EddieAtari,4
rhodesmessiah,4
GravityDynamic,4
MicheleHappy1,4
kithseer,4
ahmedley,4
tirorere,4
TheAtlanticWire,4
jenlindner,4
NYC_GA,4
gar0n1,4
rkl2195,4
astriddare,4
thev0ice_,4
antisectarian,4
Gonz010,4
1whoknu,4
OWSrox,4
Bike_at_W4,4
SteveLussier,4
9_11survivor,4
djcnorwich,4
dandhicks,4
BringitBeyach,4
AnonymousCenter,4
LOLrepublicans,4
vivrantxthing,4
emptywheel,4
WhoDat35,4
ThisBowers,4
misosusanowa,4
OccupyVancouver,4
juliacreinhart,4
UnfitToPrint,4
JazmineSpirit,4
33Greeper,4
TalibKweli,4
kittylight,4
OccupyFlorida,4
nonnydee,4
oceanshaman,4
forever_flavor6,4
RepKucinich,4
TPM,4
theuptake,4
BellowFellow,4
ZaidJilani,4
peterflom,4
Donna_West,4
deafear,4
cr8f,4
SuicideGirls,4
openmediaboston,4
tjmitchell4,4
astoryunravels,4
occupynetwork,4
INTLRevolver,4
lacymacauley,4
kawaiimanko,4
Wriseup,4
bilibutterfield,4
0ct_I5th_20II,4
WarriorsofWebz,4
autolysis,4
porsche4848,4
taoofjoe,4
tavlesh,4
smithj413,4
justgrateful,4
prvcyovruld,4
OccupyDaMedia,4
RoseWeaver12,4
moronwatch,4
IrishinNOLA,4
kellywind,4
MerrideathSaD,4
liberatospizza,4
aimeeweiss,4
drdigipol,4
Nyxxisnite,4
edwardvirtually,4
therealSaylai,4
i8wamu,4
tamsinchan,4
2012revolution,4
ASE,4
WATMAB,4
noworldbank,4
TobyBenjamin,4
boycotkochbros,4
Slackermom66,4
KforKallisti,4
idrobinhood,4
EthanLeeVita,4
FSS34,4
stone_circle,4
eroberts123,4
phillipanderson,4
Bizinuez,4
marygkosta,4
Net_Anon,4
iain2008,4
DrGlenBarry,4
drgrist,4
OccupyCincy,4
AmitaMetta,4
OxygenLynne,4
airzelhaa,4
AnonVino,4
Eye_Bleed_Ink,4
rocketgirl3914,4
Vigilo,4
Adrianchen,4
pmocek,4
iyad_elbaghdadi,4
Catherina_Guate,4
MichaelMurphyNY,4
breakfstinbeard,4
AnonMedics,4
WeROccupyUnited,4
nozomimagine,4
PreDraX,4
skyrevolving,4
AnonNewsOPS,4
pixplz,4
SchumacherMatos,4
laynemarie,4
iOSTSGUIDE,4
miixxy,4
Adam_T4,4
EatingMyPeas,4
micahbales,4
WeAreRosie,4
Tortured_Verse,4
BrysonIsGood,4
OccupyIowa,4
austingst,4
kelly_carlin,4
WRH_Mike_Rivero,4
eDahms,4
AnonymousOnAir,4
wordymcwriter,4
yesmagazine,4
dan_ps,4
anonymouSabu,4
tigerbeat,4
zizzyphus,4
Anonymous_GER,4
zerohedge,4
UKProgressive,4
michaelfelix7,4
JeffDSachs,4
NEFreedomRide,4
TheXclass,4
CarlosQC,4
Fara1,4
NYDNHelenK,4
Z_Egyptian,4
Anon1550,4
AnonPierate,4
Apollonia316,4
12160mhz,4
inthesetimesmag,4
theredpillpusha,4
southerntalker,4
vallie,4
lulusgirl888,4
other98,4
slackadjuster,4
DScoutmoney,4
twithappens34,4
VibeWall,4
MrHolise,4
craftyme25,4
DefeatVos,4
N8Nelson,4
Kari_Mil,4
apls452,4
SaberGato,4
DonShappelle,4
GBNYChange,4
OWSAtlanta,4
politicususa,4
maryfranholm,4
Vampire1812,4
MarkGerard,4
subverzo,4
SalmanRushdie,4
anonmoirae,4
OccupyDenver,4
Masta420Chiefa,4
USAShopper,4
frimframmed,4
djon3s,4
KeithOccupy,4
MoralOutrage1,4
Ziggy_Daddy,4
mrdaveyd,4
GOOD,4
SheRises2011,4
cliffpotts,4
OccupyPerth,4
justiceunited,4
crewislife,4
WeRthePlan,4
beatitudes,4
NewsHour,4
firedoglake,4
USDayofRageTX,4
MaryRocco,4
USUncutPhilly,4
edshow,4
mspray1,4
milwaukeemayor,5
SierraRebel,5
SamSeder,5
pacific_justice,5
iamrobtoast,5
msanthropics,5
Yago32,5
Lesism,5
KBZeese,5
pinkichiban,5
Slate,5
jalfordfowler,5
thethingsitdoes,5
Zlatxlat,5
jdobzynski,5
aewells,5
Matthew4300,5
AnonKitsu,5
ratsavage,5
JskaGon,5
ElizabethJone18,5
gzrecoil,5
eadvocate,5
AntoniaZ,5
winterthur,5
heykerrieannn,5
pdjmoo,5
CAFalk,5
sunny_hundal,5
JobParty,5
michellejbalon,5
yokoono,5
DKM33,5
Korkie,5
dbuscemi1949,5
edbott,5
Anon_Support,5
TheYoungTurks,5
Din_SFLA,5
a2gurl,5
cshirky,5
WePartyPatriots,5
MeltemArikan,5
codepinkalert,5
markos,5
Badgers_Rebel,5
ThomasRHart,5
FastTrackFreddy,5
climatebrad,5
Tempibones,5
wikileaks,5
moneysovereign,5
usuncutmi,5
SalehFekry,5
TheDrakenKorin,5
USUncut,5
Dubhuidhe,5
RWwatchMA,5
MyPeaceTV,5
PMArthur,5
cthie,5
FRwritings,5
Luchia_,5
OccupySeattle,5
fbmadman1,5
shakinamartini,5
linktothepast86,5
macfathom,5
LulzSecN,5
AnonMassEcho,5
Jean_ie,5
Saccaparami,5
b9AcE,5
Fochik,5
KrauseForIowa,5
portifoy,5
Majik_Hat,5
droxz,5
moveyourmoney,5
com114natalie,5
TruthExcavator,5
sense_oar_sheep,5
55Bentley,5
daveweigel,5
BiellaColeman,5
oakparkres,5
WhatisOWS,5
commondreams,5
BlogWood,5
USAnonymous,5
the_art_war,5
LOLGOP,5
OccupyingBoston,5
An0nylulz,5
Bluesaloon,5
DubMasterC,5
US_JUST,5
Nougatrocity,5
birgittaj,5
anon2060,5
cynthiaboaz,5
OccupyCalgary,5
FireYourBank,5
AGrandKerfuffle,5
tedalexandro,5
dkmason1,5
RevolutionChan,5
mydailyissue,5
GreeGreece,5
CrappyTires,5
_cypherpunks_,5
TIME,5
FourYawkeyWay,5
Anomaly100,5
anonhive,5
OccupyAustin,5
Mwforhr,5
USDayofRageIN,5
laureldavilacpa,5
OccupyProv,5
Mattison,5
occupyadam,5
KatrinaNation,5
chompie97,5
SeldomSeen989,5
BWheatnyc,5
FestiveWarChild,5
Elana_Brooklyn,5
nicolesandler,5
USGeneralStrike,5
adjordan,5
OCCYPYNC77,5
nytjim,5
occupyPHX,5
OccupySD,5
KCPhilYglesias,5
NewsworthyNews,5
Michelle9647,5
johntmarohn,5
Imlostinwyoming,6
matmcdermott,6
occupyphoenix,6
Jeffersonians,6
Remroum,6
Rusty626,6
matthewstoller,6
The99Percenters,6
VOCALNewYork,6
thenation,6
NickG136,6
JoshHarkinson,6
robinsage,6
Maggie4Obama,6
67_Shadow,6
350,6
Occupied99,6
TheHumanChannel,6
BrainTrack,6
Jobrny,6
LizLemonCologne,6
EricWeinrib,6
kaepora,6
EricBoehlert,6
nwbtcw,6
JeffreyFeldman,6
thinker128,6
VidConWorldCEO,6
AgentOrchid,6
deanprocter,6
cardboardfetus,6
michaelkbusch,6
southsouth,6
ACLU_Mass,6
Gen_Anonington,6
mahilena,6
4e4_Network,6
kaskadia,6
owstb,6
norwind,6
heratylaw,6
julpepitone,6
M0nicaL0pez,6
MindDetonat0r,6
Token12ga,6
99Prcnt,6
RevolutionWill,6
WR_,6
buddyroemer,6
spooney35,6
VV4Change,6
zalzalahbutt,6
spacefroot,6
USAanon,6
greenhousenyt,6
mouselink,6
Anonymoustemp,6
FreeAirPress,6
OccupyAmerica,6
headhntr,6
OccupyAmplify,6
xxxTigerxxx,6
dmervine,6
EileenLeft,6
OccupyColleges,6
punkcurmudgeon,6
OTOOLEFAN,6
rjoseph7777,6
DavGolProject,6
EmergentCulture,6
DM286,7
OccupySTL,7
deniseromano,7
MelodyAtHome,7
OccupySanAnto,7
sevenish,7
timeoutcorner,7
CaliFlowers,7
CBSNews,7
takethesquare,7
completelybaked,7
LexieMayHunter,7
Trident3,7
Vindictive29,7
perthtones,7
latinorebels,7
policeleak,7
JGChesney,7
OWSLosAngeles,7
FreedomNow2011,7
EcoInternet,7
Truth247,7
PoliPsychic,7
get_enlightened,7
The99Pct,7
OccupationTV,7
ManyPaths,7
BlueDuPage,7
BarrettBrownLOL,7
SangyeH,7
OccupyKSt,7
OccupyAppleton,7
OccupyBOS_Media,7
AnonNewsNet,7
hardknoxfirst,7
db_s_turbosnail,7
Jane_WI,7
JesseLaGreca,7
LiborVonSchonau,7
OWS_Live,7
_truthsetfree,7
OccupyNOLA,7
banditelli,7
stzlyee,7
VTJer,7
vvibbert,7
Indigenous_Rage,7
an0nyc,7
YourCitizens,7
mcduh,7
sallykohn,7
mmfa,7
DivaTomboy,7
mtracey,7
CallMeGoldie,7
OccupySacto,7
TheIndypendent,7
OccupyOregon,7
shannynmoore,7
Anti_Secret,8
modernactivism,8
agreatbigcity,8
hadearkandil,8
mobius1ski,8
WLLegal,8
OWNtheNWO,8
xxDianeMariexx,8
CulturalHistory,8
BiancaJagger,8
8Presstorm8,8
greyparker,8
RebuildDream,8
anonstopable,8
rezn8d,8
fiascostreeteam,8
Ivanroberson,8
Uncucumbered,8
OccupyCleveland,8
StopTheMach2011,8
legaleagle,8
BreakingNews,8
RT_com,8
jeffjarvis,8
AndrewKroll,8
StopBeck,8
TracyLeigh10,8
AnonNCarolina2,8
miaaculpa,8
OccupyTheNation,8
manyko2,8
heywho,8
JoshuaHol,8
AnonymousPress,8
theLoopsurgeon,8
Spudlovr,8
HuffingtonPost,8
AFLCIO,8
jeeezelouise,8
cdubs,8
novenator,9
Ghostpickles,9
washingtonpost,9
natashalennard,9
NewYorkCreator,9
elliottjustin,9
chrislhayes,9
LupeFiasco,9
J4LYN,9
PWeiskel08,9
Doemela,9
occupySYDNEY,9
AnonNewsINT,9
ThomasJeffreson,9
nydailynews,9
ddsnorth,9
Lockean,9
RT_America,9
Deprogrammer9,9
Mayzee590,9
Leftpalm,9
OccupyPhilly,9
ggreenwald,9
JLLLOW,9
MissRevolution_,9
kr3at,9
OccupyMemorial,9
FreakOutNation,9
ExpendableClass,9
VanJones68,9
OccupyWallSt3,9
RawStory,9
TimKarr,9
TeamsterNation,10
GBNeal59,10
CineversityTV,10
AJStream,10
brettchamberlin,10
OccupyGlobally,10
AP,10
nagoul1,10
DhaniBagels,10
kennethlipp,10
JAMyerson,10
msofia7,10
frogetteca,10
Tosfm,10
RANKIS,10
lynx55,10
TheLastWord,10
truthout,10
AnonymousWallSt,10
BatmanWI,10
seasonothebitch,10
MaxBlumenthal,10
RowleyGirl_4,10
Politicolnews,10
Occupy_Congress,10
lipstickham,10
MachahirNews,10
franyafranya,10
wagenonviolence,10
TorianBrown,11
mermaidsrcsluts,11
BusterBNYC,11
Serpentine202,11
superguts,11
UnderdogLib,11
anonymousatx2,11
PiersTonight,11
jacremes,11
jayrosen_nyu,11
BorowitzReport,11
JohnD1967,11
OccupySF,11
jeremyscahill,11
AnonCorpWatch,11
carwinb,11
MoveOn,11
bmangh,11
CitizenRadio,11
UnifiedLeft,11
SupermanHotMale,11
inwpress,11
Rowvote,11
OfficialRabbits,12
AJEnglish,12
alyssa011968,12
CornelWest,12
CabinCr3w,12
BKLYN_OccupyWS,12
anjalimullany,12
Colin_Jones,12
jamiekilstein,12
OccupyTheHood,12
Uneditedcamera,12
AllAboutHelp,12
partygnome,12
sunshineejc,12
Jeannie_Hartley,12
15octobernet,13
Kaymee,13
LeeCamp,13
AmpedStatus,13
Anonymous_SA,13
DylanRatigan,13
SocialApocalyps,13
OccupyLA,13
CelluloidBlonde,13
UnifiedLeftNews,13
NYTMetro,13
ArrghPaine,13
JeffSharlet,13
vashondogboy,14
Op_ESR,14
AyeshaKazmi,14
NaomiAKlein,14
MikeElk,14
JPBarlow,14
nycrevmedia,14
WIProud,14
ProtestChaplain,15
MotormouthNews,15
AACina,15
ahuntre,15
OccupyDublin,15
The__Forest,15
uncutseattle,15
Progress2day,15
AnonNep,15
MotherJones,15
majorityfm,15
Occupy_Boston,15
revolution_info,15
PennyRed,16
TakeWallStreet,16
CANARYorg,16
LucyKafanov,16
OccupyDallas,16
studentactivism,16
RayBeckerman,16
EricAllenBell,17
flyingmonkeyair,17
robert3242,17
WarOnErrorDKos,17
BABYDIABOLICAL,17
TPB_Stun,18
GottaLaff,18
Anon_Central,18
BPGulfLeak,19
Mruff221,19
Shoq,19
subversionistic,19
C0d3Fr0sty,19
CalFireNews,19
Pirata13,19
OccupyPics,19
DanonNewsNet,20
jopauca,20
Adbusters,21
RDevro,21
GlobalRevLive,21
JLownLaw,21
UncleRUSH,22
Occupy_USA,22
OperationLeakS,22
Newyorkist,22
OccupyMainSt,22
DownWithTheBull,23
lcranston1939,23
OccupyInfo,23
WeOccupyAmerica,24
Asher_Wolf,24
TheOther99,25
AntiSec_,25
kgosztola,25
KeithOlbermann,27
CharlesBivona,27
thinkprogress,27
Min_Reyes,28
OccupyChicago,29
NYCSep17,29
USDayofRage,29
thenewdeal,29
Korgasm_,30
TheNewDeal,30
nyclu,31
SabzBrach,32
YourAnonNews,32
OpWallStreet,33
MMFlint,33
AnonyOps,35
AnonymousIRC,36
DustinSlaughter,36
SenatorSanders,36
democracynow,39
OccupyWallSt,40
OccupyWallStNYC,41
jeffrae,43
anonops,45
alphaleah,55
anonyops,64
owsbot,72
fuelnyc,101
diceylee808,101
occupywallstnyc,121
dragonfire1024,128
grimwomyn,128
anon_pinko,137
opwallstreet,144
not_me,150
sickjew,152
dustinslaughter,163
whatzaname,175
dredeyedick,180
allisonkilkenny,181
blogdiva,198
cjohanns,212
2complex2know,215
occupywallst,237
littlelisa8,243
angelsavant,255
superbranch,279
exiledsurfer,303
janesherd,308
evilmatthew,310
pirate_larry,333
spacetimeltd,338
oopsieee,357
onevoice2,367
opticaldensity,370
achariw,400
kikiki321,416
laurapcd1,419
ishtarmuz,439
allabouthelp,473
polymath22,537
nescdem,556
cafalk,887
bpgulfleak,1080
j4lyn,1270
